Start (ns),Duration (ns),Name,Result,CorrID,Pid,Tid,T-Pri,Thread Name
806856376,471,cuModuleGetLoadingMode,0,1,1656021,1656021,20,python
832518663,812,cuGetProcAddress,0,114,1656021,1656021,20,python
832519767,524,cuGetProcAddress,0,115,1656021,1656021,20,python
832520368,48,cuGetProcAddress,0,116,1656021,1656021,20,python
832520472,313,cuGetProcAddress,0,117,1656021,1656021,20,python
832520851,163,cuGetProcAddress,0,118,1656021,1656021,20,python
832521071,250,cuGetProcAddress,0,119,1656021,1656021,20,python
832521376,189,cuGetProcAddress,0,120,1656021,1656021,20,python
832521621,317,cuGetProcAddress,0,121,1656021,1656021,20,python
832521991,307,cuGetProcAddress,0,122,1656021,1656021,20,python
832522353,183,cuGetProcAddress,0,123,1656021,1656021,20,python
832522586,256,cuGetProcAddress,0,124,1656021,1656021,20,python
832522896,157,cuGetProcAddress,0,125,1656021,1656021,20,python
832523101,133,cuGetProcAddress,0,126,1656021,1656021,20,python
832523282,152,cuGetProcAddress,0,127,1656021,1656021,20,python
832523487,234,cuGetProcAddress,0,128,1656021,1656021,20,python
832523773,172,cuGetProcAddress,0,129,1656021,1656021,20,python
832523997,150,cuGetProcAddress,0,130,1656021,1656021,20,python
832524199,127,cuGetProcAddress,0,131,1656021,1656021,20,python
832524379,163,cuGetProcAddress,0,132,1656021,1656021,20,python
832524591,138,cuGetProcAddress,0,133,1656021,1656021,20,python
832524782,139,cuGetProcAddress,0,134,1656021,1656021,20,python
832524970,102,cuGetProcAddress,0,135,1656021,1656021,20,python
832525125,188,cuGetProcAddress,0,136,1656021,1656021,20,python
832525361,244,cuGetProcAddress,0,137,1656021,1656021,20,python
832525657,131,cuGetProcAddress,0,138,1656021,1656021,20,python
832525841,223,cuGetProcAddress,0,139,1656021,1656021,20,python
832526112,51,cuGetProcAddress,0,140,1656021,1656021,20,python
832526217,136,cuGetProcAddress,0,141,1656021,1656021,20,python
832526401,75,cuGetProcAddress,0,142,1656021,1656021,20,python
832526529,112,cuGetProcAddress,0,143,1656021,1656021,20,python
832526688,125,cuGetProcAddress,0,144,1656021,1656021,20,python
832526864,97,cuGetProcAddress,0,145,1656021,1656021,20,python
832527007,148,cuGetProcAddress,0,146,1656021,1656021,20,python
832527202,170,cuGetProcAddress,0,147,1656021,1656021,20,python
832527425,180,cuGetProcAddress,0,148,1656021,1656021,20,python
832527651,240,cuGetProcAddress,0,149,1656021,1656021,20,python
832527942,68,cuGetProcAddress,0,150,1656021,1656021,20,python
832528057,113,cuGetProcAddress,0,151,1656021,1656021,20,python
832528222,142,cuGetProcAddress,0,152,1656021,1656021,20,python
832528410,193,cuGetProcAddress,0,153,1656021,1656021,20,python
832528656,165,cuGetProcAddress,0,154,1656021,1656021,20,python
832528873,110,cuGetProcAddress,0,155,1656021,1656021,20,python
832529030,82,cuGetProcAddress,0,156,1656021,1656021,20,python
832529164,130,cuGetProcAddress,0,157,1656021,1656021,20,python
832529341,68,cuGetProcAddress,0,158,1656021,1656021,20,python
832529461,190,cuGetProcAddress,0,159,1656021,1656021,20,python
832529698,157,cuGetProcAddress,0,160,1656021,1656021,20,python
832529906,56,cuGetProcAddress,0,161,1656021,1656021,20,python
832530009,55,cuGetProcAddress,0,162,1656021,1656021,20,python
832530114,62,cuGetProcAddress,0,163,1656021,1656021,20,python
832530228,139,cuGetProcAddress,0,164,1656021,1656021,20,python
832530413,154,cuGetProcAddress,0,165,1656021,1656021,20,python
832530618,59,cuGetProcAddress,0,166,1656021,1656021,20,python
832530724,118,cuGetProcAddress,0,167,1656021,1656021,20,python
832530893,179,cuGetProcAddress,0,168,1656021,1656021,20,python
832531117,158,cuGetProcAddress,0,169,1656021,1656021,20,python
832531326,57,cuGetProcAddress,0,170,1656021,1656021,20,python
832531434,54,cuGetProcAddress,0,171,1656021,1656021,20,python
832531533,188,cuGetProcAddress,0,172,1656021,1656021,20,python
832531772,59,cuGetProcAddress,0,173,1656021,1656021,20,python
832531876,153,cuGetProcAddress,0,174,1656021,1656021,20,python
832532080,115,cuGetProcAddress,0,175,1656021,1656021,20,python
832532241,51,cuGetProcAddress,0,176,1656021,1656021,20,python
832532342,82,cuGetProcAddress,0,177,1656021,1656021,20,python
832532469,124,cuGetProcAddress,0,178,1656021,1656021,20,python
832532640,125,cuGetProcAddress,0,179,1656021,1656021,20,python
832532816,59,cuGetProcAddress,0,180,1656021,1656021,20,python
832532920,167,cuGetProcAddress,0,181,1656021,1656021,20,python
832533137,126,cuGetProcAddress,0,182,1656021,1656021,20,python
832533309,319,cuGetProcAddress,0,183,1656021,1656021,20,python
832533679,50,cuGetProcAddress,0,184,1656021,1656021,20,python
832533775,75,cuGetProcAddress,0,185,1656021,1656021,20,python
832533895,62,cuGetProcAddress,0,186,1656021,1656021,20,python
832534009,112,cuGetProcAddress,0,187,1656021,1656021,20,python
832534167,49,cuGetProcAddress,0,188,1656021,1656021,20,python
832534266,122,cuGetProcAddress,0,189,1656021,1656021,20,python
832534434,69,cuGetProcAddress,0,190,1656021,1656021,20,python
832534549,65,cuGetProcAddress,0,191,1656021,1656021,20,python
832534665,70,cuGetProcAddress,0,192,1656021,1656021,20,python
832534781,114,cuGetProcAddress,0,193,1656021,1656021,20,python
832534947,54,cuGetProcAddress,0,194,1656021,1656021,20,python
832535047,55,cuGetProcAddress,0,195,1656021,1656021,20,python
832535151,335,cuGetProcAddress,0,196,1656021,1656021,20,python
832535531,82,cuGetProcAddress,0,197,1656021,1656021,20,python
832535664,52,cuGetProcAddress,0,198,1656021,1656021,20,python
832535766,112,cuGetProcAddress,0,199,1656021,1656021,20,python
832535925,50,cuGetProcAddress,0,200,1656021,1656021,20,python
832536026,33,cuGetProcAddress,0,201,1656021,1656021,20,python
832536104,57,cuGetProcAddress,0,202,1656021,1656021,20,python
832536212,47,cuGetProcAddress,0,203,1656021,1656021,20,python
832536310,46,cuGetProcAddress,0,204,1656021,1656021,20,python
832536402,37,cuGetProcAddress,0,205,1656021,1656021,20,python
832536490,61,cuGetProcAddress,0,206,1656021,1656021,20,python
832536597,54,cuGetProcAddress,0,207,1656021,1656021,20,python
832536701,124,cuGetProcAddress,0,208,1656021,1656021,20,python
832536876,51,cuGetProcAddress,0,209,1656021,1656021,20,python
832536973,59,cuGetProcAddress,0,210,1656021,1656021,20,python
832537084,54,cuGetProcAddress,0,211,1656021,1656021,20,python
832537184,57,cuGetProcAddress,0,212,1656021,1656021,20,python
832537287,36,cuGetProcAddress,0,213,1656021,1656021,20,python
832537375,56,cuGetProcAddress,0,214,1656021,1656021,20,python
832537484,53,cuGetProcAddress,0,215,1656021,1656021,20,python
832537589,70,cuGetProcAddress,0,216,1656021,1656021,20,python
832537709,58,cuGetProcAddress,0,217,1656021,1656021,20,python
832537813,47,cuGetProcAddress,0,218,1656021,1656021,20,python
832537911,38,cuGetProcAddress,0,219,1656021,1656021,20,python
832537995,48,cuGetProcAddress,0,220,1656021,1656021,20,python
832538093,48,cuGetProcAddress,0,221,1656021,1656021,20,python
832538191,47,cuGetProcAddress,0,222,1656021,1656021,20,python
832538282,103,cuGetProcAddress,0,223,1656021,1656021,20,python
832538435,64,cuGetProcAddress,0,224,1656021,1656021,20,python
832538543,44,cuGetProcAddress,0,225,1656021,1656021,20,python
832538639,58,cuGetProcAddress,0,226,1656021,1656021,20,python
832538748,52,cuGetProcAddress,0,227,1656021,1656021,20,python
832538846,55,cuGetProcAddress,0,228,1656021,1656021,20,python
832538952,50,cuGetProcAddress,0,229,1656021,1656021,20,python
832539048,232,cuGetProcAddress,0,230,1656021,1656021,20,python
832539326,41,cuGetProcAddress,0,231,1656021,1656021,20,python
832539418,47,cuGetProcAddress,0,232,1656021,1656021,20,python
832539512,45,cuGetProcAddress,0,233,1656021,1656021,20,python
832539608,46,cuGetProcAddress,0,234,1656021,1656021,20,python
832539700,46,cuGetProcAddress,0,235,1656021,1656021,20,python
832539791,56,cuGetProcAddress,0,236,1656021,1656021,20,python
832539897,48,cuGetProcAddress,0,237,1656021,1656021,20,python
832539991,63,cuGetProcAddress,0,238,1656021,1656021,20,python
832540103,59,cuGetProcAddress,0,239,1656021,1656021,20,python
832540207,60,cuGetProcAddress,0,240,1656021,1656021,20,python
832540312,70,cuGetProcAddress,0,241,1656021,1656021,20,python
832540433,59,cuGetProcAddress,0,242,1656021,1656021,20,python
832540538,108,cuGetProcAddress,0,243,1656021,1656021,20,python
832540697,53,cuGetProcAddress,0,244,1656021,1656021,20,python
832540795,83,cuGetProcAddress,0,245,1656021,1656021,20,python
832540929,207,cuGetProcAddress,0,246,1656021,1656021,20,python
832541183,119,cuGetProcAddress,0,247,1656021,1656021,20,python
832541353,45,cuGetProcAddress,0,248,1656021,1656021,20,python
832541448,51,cuGetProcAddress,0,249,1656021,1656021,20,python
832541543,55,cuGetProcAddress,0,250,1656021,1656021,20,python
832541649,67,cuGetProcAddress,0,251,1656021,1656021,20,python
832541761,53,cuGetProcAddress,0,252,1656021,1656021,20,python
832541863,158,cuGetProcAddress,0,253,1656021,1656021,20,python
832542066,79,cuGetProcAddress,0,254,1656021,1656021,20,python
832542195,71,cuGetProcAddress,0,255,1656021,1656021,20,python
832542375,92,cuGetProcAddress,0,256,1656021,1656021,20,python
832542512,115,cuGetProcAddress,0,257,1656021,1656021,20,python
832542677,45,cuGetProcAddress,0,258,1656021,1656021,20,python
832542767,102,cuGetProcAddress,0,259,1656021,1656021,20,python
832542920,80,cuGetProcAddress,0,260,1656021,1656021,20,python
832543045,60,cuGetProcAddress,0,261,1656021,1656021,20,python
832543155,71,cuGetProcAddress,0,262,1656021,1656021,20,python
832543272,120,cuGetProcAddress,0,263,1656021,1656021,20,python
832543442,52,cuGetProcAddress,0,264,1656021,1656021,20,python
832543544,62,cuGetProcAddress,0,265,1656021,1656021,20,python
832543652,57,cuGetProcAddress,0,266,1656021,1656021,20,python
832543758,74,cuGetProcAddress,0,267,1656021,1656021,20,python
832543877,53,cuGetProcAddress,0,268,1656021,1656021,20,python
832543980,71,cuGetProcAddress,0,269,1656021,1656021,20,python
832544096,65,cuGetProcAddress,0,270,1656021,1656021,20,python
832544211,65,cuGetProcAddress,0,271,1656021,1656021,20,python
832544321,91,cuGetProcAddress,0,272,1656021,1656021,20,python
832544470,50,cuGetProcAddress,0,273,1656021,1656021,20,python
832544570,57,cuGetProcAddress,0,274,1656021,1656021,20,python
832544673,50,cuGetProcAddress,0,275,1656021,1656021,20,python
832544773,66,cuGetProcAddress,0,276,1656021,1656021,20,python
832544885,60,cuGetProcAddress,0,277,1656021,1656021,20,python
832544995,87,cuGetProcAddress,0,278,1656021,1656021,20,python
832545127,62,cuGetProcAddress,0,279,1656021,1656021,20,python
832545240,66,cuGetProcAddress,0,280,1656021,1656021,20,python
832545357,51,cuGetProcAddress,0,281,1656021,1656021,20,python
832545454,52,cuGetProcAddress,0,282,1656021,1656021,20,python
832545557,111,cuGetProcAddress,0,283,1656021,1656021,20,python
832545712,147,cuGetProcAddress,0,284,1656021,1656021,20,python
832545914,68,cuGetProcAddress,0,285,1656021,1656021,20,python
832546028,52,cuGetProcAddress,0,286,1656021,1656021,20,python
832546131,117,cuGetProcAddress,0,287,1656021,1656021,20,python
832546298,49,cuGetProcAddress,0,288,1656021,1656021,20,python
832546393,111,cuGetProcAddress,0,289,1656021,1656021,20,python
832546555,75,cuGetProcAddress,0,290,1656021,1656021,20,python
832546676,92,cuGetProcAddress,0,291,1656021,1656021,20,python
832546820,81,cuGetProcAddress,0,292,1656021,1656021,20,python
832546947,67,cuGetProcAddress,0,293,1656021,1656021,20,python
832547059,51,cuGetProcAddress,0,294,1656021,1656021,20,python
832547160,69,cuGetProcAddress,0,295,1656021,1656021,20,python
832547273,66,cuGetProcAddress,0,296,1656021,1656021,20,python
832547388,99,cuGetProcAddress,0,297,1656021,1656021,20,python
832547532,63,cuGetProcAddress,0,298,1656021,1656021,20,python
832547639,54,cuGetProcAddress,0,299,1656021,1656021,20,python
832547743,83,cuGetProcAddress,0,300,1656021,1656021,20,python
832547871,66,cuGetProcAddress,0,301,1656021,1656021,20,python
832547987,52,cuGetProcAddress,0,302,1656021,1656021,20,python
832548085,71,cuGetProcAddress,0,303,1656021,1656021,20,python
832548200,60,cuGetProcAddress,0,304,1656021,1656021,20,python
832548309,68,cuGetProcAddress,0,305,1656021,1656021,20,python
832548422,62,cuGetProcAddress,0,306,1656021,1656021,20,python
832548535,51,cuGetProcAddress,0,307,1656021,1656021,20,python
832548632,51,cuGetProcAddress,0,308,1656021,1656021,20,python
832548728,48,cuGetProcAddress,0,309,1656021,1656021,20,python
832548826,51,cuGetProcAddress,0,310,1656021,1656021,20,python
832548921,54,cuGetProcAddress,0,311,1656021,1656021,20,python
832549024,49,cuGetProcAddress,0,312,1656021,1656021,20,python
832549118,81,cuGetProcAddress,0,313,1656021,1656021,20,python
832549244,69,cuGetProcAddress,0,314,1656021,1656021,20,python
832549363,49,cuGetProcAddress,0,315,1656021,1656021,20,python
832549458,44,cuGetProcAddress,0,316,1656021,1656021,20,python
832549558,89,cuGetProcAddress,0,317,1656021,1656021,20,python
832549693,68,cuGetProcAddress,0,318,1656021,1656021,20,python
832549806,96,cuGetProcAddress,0,319,1656021,1656021,20,python
832549952,62,cuGetProcAddress,0,320,1656021,1656021,20,python
832550059,66,cuGetProcAddress,0,321,1656021,1656021,20,python
832550175,154,cuGetProcAddress,0,322,1656021,1656021,20,python
832550373,67,cuGetProcAddress,0,323,1656021,1656021,20,python
832550485,61,cuGetProcAddress,0,324,1656021,1656021,20,python
832550596,55,cuGetProcAddress,0,325,1656021,1656021,20,python
832550696,68,cuGetProcAddress,0,326,1656021,1656021,20,python
832550813,53,cuGetProcAddress,0,327,1656021,1656021,20,python
832550910,55,cuGetProcAddress,0,328,1656021,1656021,20,python
832551016,47,cuGetProcAddress,0,329,1656021,1656021,20,python
832551112,46,cuGetProcAddress,0,330,1656021,1656021,20,python
832551203,55,cuGetProcAddress,0,331,1656021,1656021,20,python
832551308,41,cuGetProcAddress,0,332,1656021,1656021,20,python
832551395,64,cuGetProcAddress,0,333,1656021,1656021,20,python
832551505,61,cuGetProcAddress,0,334,1656021,1656021,20,python
832551617,50,cuGetProcAddress,0,335,1656021,1656021,20,python
832551713,48,cuGetProcAddress,0,336,1656021,1656021,20,python
832551876,67,cuGetProcAddress,0,337,1656021,1656021,20,python
832551989,62,cuGetProcAddress,0,338,1656021,1656021,20,python
832552096,98,cuGetProcAddress,0,339,1656021,1656021,20,python
832552245,60,cuGetProcAddress,0,340,1656021,1656021,20,python
832552352,88,cuGetProcAddress,0,341,1656021,1656021,20,python
832552490,60,cuGetProcAddress,0,342,1656021,1656021,20,python
832552594,50,cuGetProcAddress,0,343,1656021,1656021,20,python
832552689,50,cuGetProcAddress,0,344,1656021,1656021,20,python
832552790,50,cuGetProcAddress,0,345,1656021,1656021,20,python
832552885,50,cuGetProcAddress,0,346,1656021,1656021,20,python
832552986,72,cuGetProcAddress,0,347,1656021,1656021,20,python
832553105,49,cuGetProcAddress,0,348,1656021,1656021,20,python
832553204,72,cuGetProcAddress,0,349,1656021,1656021,20,python
832553325,50,cuGetProcAddress,0,350,1656021,1656021,20,python
832553420,56,cuGetProcAddress,0,351,1656021,1656021,20,python
832553526,50,cuGetProcAddress,0,352,1656021,1656021,20,python
832553634,52,cuGetProcAddress,0,353,1656021,1656021,20,python
832553736,206,cuGetProcAddress,0,354,1656021,1656021,20,python
832553987,60,cuGetProcAddress,0,355,1656021,1656021,20,python
832554097,63,cuGetProcAddress,0,356,1656021,1656021,20,python
832554205,67,cuGetProcAddress,0,357,1656021,1656021,20,python
832554317,54,cuGetProcAddress,0,358,1656021,1656021,20,python
832554419,43,cuGetProcAddress,0,359,1656021,1656021,20,python
832554506,80,cuGetProcAddress,0,360,1656021,1656021,20,python
832554637,75,cuGetProcAddress,0,361,1656021,1656021,20,python
832554757,49,cuGetProcAddress,0,362,1656021,1656021,20,python
832554851,53,cuGetProcAddress,0,363,1656021,1656021,20,python
832554953,78,cuGetProcAddress,0,364,1656021,1656021,20,python
832555076,55,cuGetProcAddress,0,365,1656021,1656021,20,python
832555181,69,cuGetProcAddress,0,366,1656021,1656021,20,python
832555294,53,cuGetProcAddress,0,367,1656021,1656021,20,python
832555397,72,cuGetProcAddress,0,368,1656021,1656021,20,python
832555514,66,cuGetProcAddress,0,369,1656021,1656021,20,python
832555631,75,cuGetProcAddress,0,370,1656021,1656021,20,python
832555756,59,cuGetProcAddress,0,371,1656021,1656021,20,python
832555859,84,cuGetProcAddress,0,372,1656021,1656021,20,python
832555994,56,cuGetProcAddress,0,373,1656021,1656021,20,python
832556094,89,cuGetProcAddress,0,374,1656021,1656021,20,python
832556233,56,cuGetProcAddress,0,375,1656021,1656021,20,python
832556334,60,cuGetProcAddress,0,376,1656021,1656021,20,python
832556443,72,cuGetProcAddress,0,377,1656021,1656021,20,python
832556559,98,cuGetProcAddress,0,378,1656021,1656021,20,python
832556702,74,cuGetProcAddress,0,379,1656021,1656021,20,python
832556826,62,cuGetProcAddress,0,380,1656021,1656021,20,python
832556933,60,cuGetProcAddress,0,381,1656021,1656021,20,python
832557042,53,cuGetProcAddress,0,382,1656021,1656021,20,python
832557140,52,cuGetProcAddress,0,383,1656021,1656021,20,python
832557238,81,cuGetProcAddress,0,384,1656021,1656021,20,python
832557369,72,cuGetProcAddress,0,385,1656021,1656021,20,python
832557486,104,cuGetProcAddress,0,386,1656021,1656021,20,python
832557641,161,cuGetProcAddress,0,387,1656021,1656021,20,python
832557847,76,cuGetProcAddress,0,388,1656021,1656021,20,python
832557973,47,cuGetProcAddress,0,389,1656021,1656021,20,python
832558065,62,cuGetProcAddress,0,390,1656021,1656021,20,python
832558176,47,cuGetProcAddress,0,391,1656021,1656021,20,python
832558273,79,cuGetProcAddress,0,392,1656021,1656021,20,python
832558396,128,cuGetProcAddress,0,393,1656021,1656021,20,python
832558574,94,cuGetProcAddress,0,394,1656021,1656021,20,python
832558712,113,cuGetProcAddress,0,395,1656021,1656021,20,python
832558875,119,cuGetProcAddress,0,396,1656021,1656021,20,python
832559039,98,cuGetProcAddress,0,397,1656021,1656021,20,python
832559187,85,cuGetProcAddress,0,398,1656021,1656021,20,python
832559316,81,cuGetProcAddress,0,399,1656021,1656021,20,python
832559441,54,cuGetProcAddress,0,400,1656021,1656021,20,python
832559545,81,cuGetProcAddress,0,401,1656021,1656021,20,python
832559671,66,cuGetProcAddress,0,402,1656021,1656021,20,python
832559787,65,cuGetProcAddress,0,403,1656021,1656021,20,python
832559897,53,cuGetProcAddress,0,404,1656021,1656021,20,python
832560000,50,cuGetProcAddress,0,405,1656021,1656021,20,python
832560095,49,cuGetProcAddress,0,406,1656021,1656021,20,python
832560189,47,cuGetProcAddress,0,407,1656021,1656021,20,python
832560286,70,cuGetProcAddress,0,408,1656021,1656021,20,python
832560400,65,cuGetProcAddress,0,409,1656021,1656021,20,python
832560515,61,cuGetProcAddress,0,410,1656021,1656021,20,python
832560620,62,cuGetProcAddress,0,411,1656021,1656021,20,python
832560733,71,cuGetProcAddress,0,412,1656021,1656021,20,python
832560849,59,cuGetProcAddress,0,413,1656021,1656021,20,python
832560958,60,cuGetProcAddress,0,414,1656021,1656021,20,python
832561069,73,cuGetProcAddress,0,415,1656021,1656021,20,python
832561188,70,cuGetProcAddress,0,416,1656021,1656021,20,python
832561309,69,cuGetProcAddress,0,417,1656021,1656021,20,python
832561504,133,cuGetProcAddress,0,418,1656021,1656021,20,python
832561690,66,cuGetProcAddress,0,419,1656021,1656021,20,python
832561801,53,cuGetProcAddress,0,420,1656021,1656021,20,python
832561904,76,cuGetProcAddress,0,421,1656021,1656021,20,python
832562025,44,cuGetProcAddress,0,422,1656021,1656021,20,python
832562113,71,cuGetProcAddress,0,423,1656021,1656021,20,python
832562233,56,cuGetProcAddress,0,424,1656021,1656021,20,python
832562334,88,cuGetProcAddress,0,425,1656021,1656021,20,python
832562472,51,cuGetProcAddress,0,426,1656021,1656021,20,python
832562566,77,cuGetProcAddress,0,427,1656021,1656021,20,python
832562693,55,cuGetProcAddress,0,428,1656021,1656021,20,python
832562792,72,cuGetProcAddress,0,429,1656021,1656021,20,python
832562914,115,cuGetProcAddress,0,430,1656021,1656021,20,python
832563078,97,cuGetProcAddress,0,431,1656021,1656021,20,python
832563220,86,cuGetProcAddress,0,432,1656021,1656021,20,python
832563356,94,cuGetProcAddress,0,433,1656021,1656021,20,python
832563495,93,cuGetProcAddress,0,434,1656021,1656021,20,python
832563638,80,cuGetProcAddress,0,435,1656021,1656021,20,python
832563764,98,cuGetProcAddress,0,436,1656021,1656021,20,python
832563913,57,cuGetProcAddress,0,437,1656021,1656021,20,python
832564015,70,cuGetProcAddress,0,438,1656021,1656021,20,python
832564129,65,cuGetProcAddress,0,439,1656021,1656021,20,python
832564244,78,cuGetProcAddress,0,440,1656021,1656021,20,python
832564367,65,cuGetProcAddress,0,441,1656021,1656021,20,python
832564482,54,cuGetProcAddress,0,442,1656021,1656021,20,python
832564581,71,cuGetProcAddress,0,443,1656021,1656021,20,python
832564701,75,cuGetProcAddress,0,444,1656021,1656021,20,python
832564822,51,cuGetProcAddress,0,445,1656021,1656021,20,python
832564923,48,cuGetProcAddress,0,446,1656021,1656021,20,python
832565021,46,cuGetProcAddress,0,447,1656021,1656021,20,python
832565111,42,cuGetProcAddress,0,448,1656021,1656021,20,python
832565203,87,cuGetProcAddress,0,449,1656021,1656021,20,python
832565342,90,cuGetProcAddress,0,450,1656021,1656021,20,python
832565483,77,cuGetProcAddress,0,451,1656021,1656021,20,python
832565605,57,cuGetProcAddress,0,452,1656021,1656021,20,python
832565712,72,cuGetProcAddress,0,453,1656021,1656021,20,python
832565829,51,cuGetProcAddress,0,454,1656021,1656021,20,python
832565925,49,cuGetProcAddress,0,455,1656021,1656021,20,python
832566023,41,cuGetProcAddress,0,456,1656021,1656021,20,python
832566110,50,cuGetProcAddress,0,457,1656021,1656021,20,python
832566211,52,cuGetProcAddress,0,458,1656021,1656021,20,python
832566308,49,cuGetProcAddress,0,459,1656021,1656021,20,python
832566408,50,cuGetProcAddress,0,460,1656021,1656021,20,python
832566509,47,cuGetProcAddress,0,461,1656021,1656021,20,python
832566602,60,cuGetProcAddress,0,462,1656021,1656021,20,python
832566713,46,cuGetProcAddress,0,463,1656021,1656021,20,python
832566805,69,cuGetProcAddress,0,464,1656021,1656021,20,python
832566924,67,cuGetProcAddress,0,465,1656021,1656021,20,python
832567041,67,cuGetProcAddress,0,466,1656021,1656021,20,python
832567152,58,cuGetProcAddress,0,467,1656021,1656021,20,python
832567260,47,cuGetProcAddress,0,468,1656021,1656021,20,python
832567353,43,cuGetProcAddress,0,469,1656021,1656021,20,python
832567452,44,cuGetProcAddress,0,470,1656021,1656021,20,python
832567547,41,cuGetProcAddress,0,471,1656021,1656021,20,python
832567633,69,cuGetProcAddress,0,472,1656021,1656021,20,python
832567751,61,cuGetProcAddress,0,473,1656021,1656021,20,python
832567856,52,cuGetProcAddress,0,474,1656021,1656021,20,python
832567953,44,cuGetProcAddress,0,475,1656021,1656021,20,python
832568047,102,cuGetProcAddress,0,476,1656021,1656021,20,python
832568194,92,cuGetProcAddress,0,477,1656021,1656021,20,python
832568337,69,cuGetProcAddress,0,478,1656021,1656021,20,python
832568451,102,cuGetProcAddress,0,479,1656021,1656021,20,python
832568603,92,cuGetProcAddress,0,480,1656021,1656021,20,python
832568744,95,cuGetProcAddress,0,481,1656021,1656021,20,python
832568885,85,cuGetProcAddress,0,482,1656021,1656021,20,python
832569020,60,cuGetProcAddress,0,483,1656021,1656021,20,python
832569126,57,cuGetProcAddress,0,484,1656021,1656021,20,python
832569233,60,cuGetProcAddress,0,485,1656021,1656021,20,python
832569337,70,cuGetProcAddress,0,486,1656021,1656021,20,python
832569458,63,cuGetProcAddress,0,487,1656021,1656021,20,python
832569569,56,cuGetProcAddress,0,488,1656021,1656021,20,python
832569669,59,cuGetProcAddress,0,489,1656021,1656021,20,python
832569779,62,cuGetProcAddress,0,490,1656021,1656021,20,python
832569885,74,cuGetProcAddress,0,491,1656021,1656021,20,python
832570009,63,cuGetProcAddress,0,492,1656021,1656021,20,python
832570125,45,cuGetProcAddress,0,493,1656021,1656021,20,python
832570230,61,cuGetProcAddress,0,494,1656021,1656021,20,python
832570337,69,cuGetProcAddress,0,495,1656021,1656021,20,python
832570458,51,cuGetProcAddress,0,496,1656021,1656021,20,python
832570558,61,cuGetProcAddress,0,497,1656021,1656021,20,python
832571401,783,cuInit,0,499,1656021,1656021,20,python
832573152,55,cuModuleGetLoadingMode,0,500,1656021,1656021,20,python
834109564,1415569,cudaGetDeviceProperties,0,604,1656021,1656021,20,python
835626936,78102472,cudaStreamIsCapturing_v10000,0,613,1656021,1656021,20,python
913731946,36492,cudaMalloc,0,614,1656021,1656021,20,python
913821995,5378478,cudaMemcpyAsync,0,619,1656021,1656021,20,python
919201992,43742,cudaStreamSynchronize,0,620,1656021,1656021,20,python
919447229,890,cudaStreamIsCapturing_v10000,0,628,1656021,1656021,20,python
919448405,47974,cudaMalloc,0,629,1656021,1656021,20,python
919504716,5572,cudaMemcpyAsync,0,634,1656021,1656021,20,python
919510435,3275,cudaStreamSynchronize,0,635,1656021,1656021,20,python
919536713,458581,cudaMemcpyAsync,0,645,1656021,1656021,20,python
919995991,45701,cudaStreamSynchronize,0,646,1656021,1656021,20,python
920182030,3166,cudaMemcpyAsync,0,656,1656021,1656021,20,python
920185325,3302,cudaStreamSynchronize,0,657,1656021,1656021,20,python
920201420,1893,cudaMemcpyAsync,0,667,1656021,1656021,20,python
920203417,2988,cudaStreamSynchronize,0,668,1656021,1656021,20,python
920211184,1536,cudaMemcpyAsync,0,678,1656021,1656021,20,python
920212796,3051,cudaStreamSynchronize,0,679,1656021,1656021,20,python
920222478,221372,cudaMemcpyAsync,0,689,1656021,1656021,20,python
920444268,46252,cudaStreamSynchronize,0,690,1656021,1656021,20,python
920575040,3195,cudaMemcpyAsync,0,700,1656021,1656021,20,python
920578335,3349,cudaStreamSynchronize,0,701,1656021,1656021,20,python
920665844,523,cudaStreamIsCapturing_v10000,0,715,1656021,1656021,20,python
920668261,510043,cudaLaunchKernel,0,717,1656021,1656021,20,python
921276109,538,cudaStreamIsCapturing_v10000,0,725,1656021,1656021,20,python
921276791,43888,cudaMalloc,0,726,1656021,1656021,20,python
921352421,235,cudaStreamIsCapturing_v10000,0,734,1656021,1656021,20,python
921352743,23855,cudaMalloc,0,735,1656021,1656021,20,python
921453301,556,cuGetProcAddress,0,739,1656021,1656021,20,python
921453971,309,cuGetProcAddress,0,740,1656021,1656021,20,python
921454347,44,cuGetProcAddress,0,741,1656021,1656021,20,python
921454455,354,cuGetProcAddress,0,742,1656021,1656021,20,python
921454867,246,cuGetProcAddress,0,743,1656021,1656021,20,python
921455163,155,cuGetProcAddress,0,744,1656021,1656021,20,python
921455368,185,cuGetProcAddress,0,745,1656021,1656021,20,python
921455600,252,cuGetProcAddress,0,746,1656021,1656021,20,python
921455900,254,cuGetProcAddress,0,747,1656021,1656021,20,python
921456203,193,cuGetProcAddress,0,748,1656021,1656021,20,python
921456443,258,cuGetProcAddress,0,749,1656021,1656021,20,python
921456747,265,cuGetProcAddress,0,750,1656021,1656021,20,python
921457059,186,cuGetProcAddress,0,751,1656021,1656021,20,python
921457292,1985,cuGetProcAddress,0,752,1656021,1656021,20,python
921459329,193,cuGetProcAddress,0,753,1656021,1656021,20,python
921459580,170,cuGetProcAddress,0,754,1656021,1656021,20,python
921459797,161,cuGetProcAddress,0,755,1656021,1656021,20,python
921460009,232,cuGetProcAddress,0,756,1656021,1656021,20,python
921460288,122,cuGetProcAddress,0,757,1656021,1656021,20,python
921460458,144,cuGetProcAddress,0,758,1656021,1656021,20,python
921460650,126,cuGetProcAddress,0,759,1656021,1656021,20,python
921460823,64,cuGetProcAddress,0,760,1656021,1656021,20,python
921460934,207,cuGetProcAddress,0,761,1656021,1656021,20,python
921461187,141,cuGetProcAddress,0,762,1656021,1656021,20,python
921461373,100,cuGetProcAddress,0,763,1656021,1656021,20,python
921461523,167,cuGetProcAddress,0,764,1656021,1656021,20,python
921461736,53,cuGetProcAddress,0,765,1656021,1656021,20,python
921461836,64,cuGetProcAddress,0,766,1656021,1656021,20,python
921461946,79,cuGetProcAddress,0,767,1656021,1656021,20,python
921462070,111,cuGetProcAddress,0,768,1656021,1656021,20,python
921462228,134,cuGetProcAddress,0,769,1656021,1656021,20,python
921462409,53,cuGetProcAddress,0,770,1656021,1656021,20,python
921462508,226,cuGetProcAddress,0,771,1656021,1656021,20,python
921462780,73,cuGetProcAddress,0,772,1656021,1656021,20,python
921462900,150,cuGetProcAddress,0,773,1656021,1656021,20,python
921463095,142,cuGetProcAddress,0,774,1656021,1656021,20,python
921463282,91,cuGetProcAddress,0,775,1656021,1656021,20,python
921463418,125,cuGetProcAddress,0,776,1656021,1656021,20,python
921463587,196,cuGetProcAddress,0,777,1656021,1656021,20,python
921463837,187,cuGetProcAddress,0,778,1656021,1656021,20,python
921464068,174,cuGetProcAddress,0,779,1656021,1656021,20,python
921464287,98,cuGetProcAddress,0,780,1656021,1656021,20,python
921464429,135,cuGetProcAddress,0,781,1656021,1656021,20,python
921464609,63,cuGetProcAddress,0,782,1656021,1656021,20,python
921464759,45,cuGetProcAddress,0,783,1656021,1656021,20,python
921464849,66,cuGetProcAddress,0,784,1656021,1656021,20,python
921464963,76,cuGetProcAddress,0,785,1656021,1656021,20,python
921465082,67,cuGetProcAddress,0,786,1656021,1656021,20,python
921465193,65,cuGetProcAddress,0,787,1656021,1656021,20,python
921465302,69,cuGetProcAddress,0,788,1656021,1656021,20,python
921465417,60,cuGetProcAddress,0,789,1656021,1656021,20,python
921465522,74,cuGetProcAddress,0,790,1656021,1656021,20,python
921465640,59,cuGetProcAddress,0,791,1656021,1656021,20,python
921465742,124,cuGetProcAddress,0,792,1656021,1656021,20,python
921465911,169,cuGetProcAddress,0,793,1656021,1656021,20,python
921466125,111,cuGetProcAddress,0,794,1656021,1656021,20,python
921466281,66,cuGetProcAddress,0,795,1656021,1656021,20,python
921466391,118,cuGetProcAddress,0,796,1656021,1656021,20,python
921466553,143,cuGetProcAddress,0,797,1656021,1656021,20,python
921466741,112,cuGetProcAddress,0,798,1656021,1656021,20,python
921466897,70,cuGetProcAddress,0,799,1656021,1656021,20,python
921467011,110,cuGetProcAddress,0,800,1656021,1656021,20,python
921467166,60,cuGetProcAddress,0,801,1656021,1656021,20,python
921467270,53,cuGetProcAddress,0,802,1656021,1656021,20,python
921467366,152,cuGetProcAddress,0,803,1656021,1656021,20,python
921467563,125,cuGetProcAddress,0,804,1656021,1656021,20,python
921467732,66,cuGetProcAddress,0,805,1656021,1656021,20,python
921467842,124,cuGetProcAddress,0,806,1656021,1656021,20,python
921468011,210,cuGetProcAddress,0,807,1656021,1656021,20,python
921468267,277,cuGetProcAddress,0,808,1656021,1656021,20,python
921468588,53,cuGetProcAddress,0,809,1656021,1656021,20,python
921468685,67,cuGetProcAddress,0,810,1656021,1656021,20,python
921468796,62,cuGetProcAddress,0,811,1656021,1656021,20,python
921468902,55,cuGetProcAddress,0,812,1656021,1656021,20,python
921469000,51,cuGetProcAddress,0,813,1656021,1656021,20,python
921469095,114,cuGetProcAddress,0,814,1656021,1656021,20,python
921469253,63,cuGetProcAddress,0,815,1656021,1656021,20,python
921469360,66,cuGetProcAddress,0,816,1656021,1656021,20,python
921469523,59,cuGetProcAddress,0,817,1656021,1656021,20,python
921469627,54,cuGetProcAddress,0,818,1656021,1656021,20,python
921469724,103,cuGetProcAddress,0,819,1656021,1656021,20,python
921469871,61,cuGetProcAddress,0,820,1656021,1656021,20,python
921469976,159,cuGetProcAddress,0,821,1656021,1656021,20,python
921470178,304,cuGetProcAddress,0,822,1656021,1656021,20,python
921470524,50,cuGetProcAddress,0,823,1656021,1656021,20,python
921470618,93,cuGetProcAddress,0,824,1656021,1656021,20,python
921470763,87,cuGetProcAddress,0,825,1656021,1656021,20,python
921470895,33,cuGetProcAddress,0,826,1656021,1656021,20,python
921470973,70,cuGetProcAddress,0,827,1656021,1656021,20,python
921471089,48,cuGetProcAddress,0,828,1656021,1656021,20,python
921471182,47,cuGetProcAddress,0,829,1656021,1656021,20,python
921471272,38,cuGetProcAddress,0,830,1656021,1656021,20,python
921471354,60,cuGetProcAddress,0,831,1656021,1656021,20,python
921471459,54,cuGetProcAddress,0,832,1656021,1656021,20,python
921471557,58,cuGetProcAddress,0,833,1656021,1656021,20,python
921471659,51,cuGetProcAddress,0,834,1656021,1656021,20,python
921471754,61,cuGetProcAddress,0,835,1656021,1656021,20,python
921471865,54,cuGetProcAddress,0,836,1656021,1656021,20,python
921471962,45,cuGetProcAddress,0,837,1656021,1656021,20,python
921472051,37,cuGetProcAddress,0,838,1656021,1656021,20,python
921472132,58,cuGetProcAddress,0,839,1656021,1656021,20,python
921472235,55,cuGetProcAddress,0,840,1656021,1656021,20,python
921472333,52,cuGetProcAddress,0,841,1656021,1656021,20,python
921472429,47,cuGetProcAddress,0,842,1656021,1656021,20,python
921472521,46,cuGetProcAddress,0,843,1656021,1656021,20,python
921472615,39,cuGetProcAddress,0,844,1656021,1656021,20,python
921472699,47,cuGetProcAddress,0,845,1656021,1656021,20,python
921472791,41,cuGetProcAddress,0,846,1656021,1656021,20,python
921472876,47,cuGetProcAddress,0,847,1656021,1656021,20,python
921472967,45,cuGetProcAddress,0,848,1656021,1656021,20,python
921473055,53,cuGetProcAddress,0,849,1656021,1656021,20,python
921473153,43,cuGetProcAddress,0,850,1656021,1656021,20,python
921473241,60,cuGetProcAddress,0,851,1656021,1656021,20,python
921473350,51,cuGetProcAddress,0,852,1656021,1656021,20,python
921473446,52,cuGetProcAddress,0,853,1656021,1656021,20,python
921473542,52,cuGetProcAddress,0,854,1656021,1656021,20,python
921473638,110,cuGetProcAddress,0,855,1656021,1656021,20,python
921473793,89,cuGetProcAddress,0,856,1656021,1656021,20,python
921473926,52,cuGetProcAddress,0,857,1656021,1656021,20,python
921474027,45,cuGetProcAddress,0,858,1656021,1656021,20,python
921474117,44,cuGetProcAddress,0,859,1656021,1656021,20,python
921474209,44,cuGetProcAddress,0,860,1656021,1656021,20,python
921474297,48,cuGetProcAddress,0,861,1656021,1656021,20,python
921474389,47,cuGetProcAddress,0,862,1656021,1656021,20,python
921474481,61,cuGetProcAddress,0,863,1656021,1656021,20,python
921474587,55,cuGetProcAddress,0,864,1656021,1656021,20,python
921474686,78,cuGetProcAddress,0,865,1656021,1656021,20,python
921474809,77,cuGetProcAddress,0,866,1656021,1656021,20,python
921474930,66,cuGetProcAddress,0,867,1656021,1656021,20,python
921475047,47,cuGetProcAddress,0,868,1656021,1656021,20,python
921475138,64,cuGetProcAddress,0,869,1656021,1656021,20,python
921475247,64,cuGetProcAddress,0,870,1656021,1656021,20,python
921475357,111,cuGetProcAddress,0,871,1656021,1656021,20,python
921475512,59,cuGetProcAddress,0,872,1656021,1656021,20,python
921475617,61,cuGetProcAddress,0,873,1656021,1656021,20,python
921475722,52,cuGetProcAddress,0,874,1656021,1656021,20,python
921475818,66,cuGetProcAddress,0,875,1656021,1656021,20,python
921475928,78,cuGetProcAddress,0,876,1656021,1656021,20,python
921476050,74,cuGetProcAddress,0,877,1656021,1656021,20,python
921476168,111,cuGetProcAddress,0,878,1656021,1656021,20,python
921476323,91,cuGetProcAddress,0,879,1656021,1656021,20,python
921476469,99,cuGetProcAddress,0,880,1656021,1656021,20,python
921476613,68,cuGetProcAddress,0,881,1656021,1656021,20,python
921476725,89,cuGetProcAddress,0,882,1656021,1656021,20,python
921476859,63,cuGetProcAddress,0,883,1656021,1656021,20,python
921476966,119,cuGetProcAddress,0,884,1656021,1656021,20,python
921477129,69,cuGetProcAddress,0,885,1656021,1656021,20,python
921477242,58,cuGetProcAddress,0,886,1656021,1656021,20,python
921477344,71,cuGetProcAddress,0,887,1656021,1656021,20,python
921477459,77,cuGetProcAddress,0,888,1656021,1656021,20,python
921477581,50,cuGetProcAddress,0,889,1656021,1656021,20,python
921477675,62,cuGetProcAddress,0,890,1656021,1656021,20,python
921477782,53,cuGetProcAddress,0,891,1656021,1656021,20,python
921477880,74,cuGetProcAddress,0,892,1656021,1656021,20,python
921477998,48,cuGetProcAddress,0,893,1656021,1656021,20,python
921478091,71,cuGetProcAddress,0,894,1656021,1656021,20,python
921478207,53,cuGetProcAddress,0,895,1656021,1656021,20,python
921478305,72,cuGetProcAddress,0,896,1656021,1656021,20,python
921478518,65,cuGetProcAddress,0,897,1656021,1656021,20,python
921478628,46,cuGetProcAddress,0,898,1656021,1656021,20,python
921478718,69,cuGetProcAddress,0,899,1656021,1656021,20,python
921478831,44,cuGetProcAddress,0,900,1656021,1656021,20,python
921478918,69,cuGetProcAddress,0,901,1656021,1656021,20,python
921479030,54,cuGetProcAddress,0,902,1656021,1656021,20,python
921479127,169,cuGetProcAddress,0,903,1656021,1656021,20,python
921479340,62,cuGetProcAddress,0,904,1656021,1656021,20,python
921479446,70,cuGetProcAddress,0,905,1656021,1656021,20,python
921479559,53,cuGetProcAddress,0,906,1656021,1656021,20,python
921479656,53,cuGetProcAddress,0,907,1656021,1656021,20,python
921479753,77,cuGetProcAddress,0,908,1656021,1656021,20,python
921479874,76,cuGetProcAddress,0,909,1656021,1656021,20,python
921479994,72,cuGetProcAddress,0,910,1656021,1656021,20,python
921480110,57,cuGetProcAddress,0,911,1656021,1656021,20,python
921480211,229,cuGetProcAddress,0,912,1656021,1656021,20,python
921480484,50,cuGetProcAddress,0,913,1656021,1656021,20,python
921480579,180,cuGetProcAddress,0,914,1656021,1656021,20,python
921480803,74,cuGetProcAddress,0,915,1656021,1656021,20,python
921480922,69,cuGetProcAddress,0,916,1656021,1656021,20,python
921481037,78,cuGetProcAddress,0,917,1656021,1656021,20,python
921481160,57,cuGetProcAddress,0,918,1656021,1656021,20,python
921481262,50,cuGetProcAddress,0,919,1656021,1656021,20,python
921481357,72,cuGetProcAddress,0,920,1656021,1656021,20,python
921481474,72,cuGetProcAddress,0,921,1656021,1656021,20,python
921481590,93,cuGetProcAddress,0,922,1656021,1656021,20,python
921481727,57,cuGetProcAddress,0,923,1656021,1656021,20,python
921481839,53,cuGetProcAddress,0,924,1656021,1656021,20,python
921481937,58,cuGetProcAddress,0,925,1656021,1656021,20,python
921482039,52,cuGetProcAddress,0,926,1656021,1656021,20,python
921482136,51,cuGetProcAddress,0,927,1656021,1656021,20,python
921482232,51,cuGetProcAddress,0,928,1656021,1656021,20,python
921482328,50,cuGetProcAddress,0,929,1656021,1656021,20,python
921482422,65,cuGetProcAddress,0,930,1656021,1656021,20,python
921482532,60,cuGetProcAddress,0,931,1656021,1656021,20,python
921482643,42,cuGetProcAddress,0,932,1656021,1656021,20,python
921482730,48,cuGetProcAddress,0,933,1656021,1656021,20,python
921482822,60,cuGetProcAddress,0,934,1656021,1656021,20,python
921482926,57,cuGetProcAddress,0,935,1656021,1656021,20,python
921483027,59,cuGetProcAddress,0,936,1656021,1656021,20,python
921483130,51,cuGetProcAddress,0,937,1656021,1656021,20,python
921483225,78,cuGetProcAddress,0,938,1656021,1656021,20,python
921483347,59,cuGetProcAddress,0,939,1656021,1656021,20,python
921483451,49,cuGetProcAddress,0,940,1656021,1656021,20,python
921483545,43,cuGetProcAddress,0,941,1656021,1656021,20,python
921483633,60,cuGetProcAddress,0,942,1656021,1656021,20,python
921483738,60,cuGetProcAddress,0,943,1656021,1656021,20,python
921483842,72,cuGetProcAddress,0,944,1656021,1656021,20,python
921483959,56,cuGetProcAddress,0,945,1656021,1656021,20,python
921484060,53,cuGetProcAddress,0,946,1656021,1656021,20,python
921484158,69,cuGetProcAddress,0,947,1656021,1656021,20,python
921484272,69,cuGetProcAddress,0,948,1656021,1656021,20,python
921484385,63,cuGetProcAddress,0,949,1656021,1656021,20,python
921484492,55,cuGetProcAddress,0,950,1656021,1656021,20,python
921484592,62,cuGetProcAddress,0,951,1656021,1656021,20,python
921484698,53,cuGetProcAddress,0,952,1656021,1656021,20,python
921484796,71,cuGetProcAddress,0,953,1656021,1656021,20,python
921484912,48,cuGetProcAddress,0,954,1656021,1656021,20,python
921485005,47,cuGetProcAddress,0,955,1656021,1656021,20,python
921485096,56,cuGetProcAddress,0,956,1656021,1656021,20,python
921485196,50,cuGetProcAddress,0,957,1656021,1656021,20,python
921485291,63,cuGetProcAddress,0,958,1656021,1656021,20,python
921485398,61,cuGetProcAddress,0,959,1656021,1656021,20,python
921485503,48,cuGetProcAddress,0,960,1656021,1656021,20,python
921485596,48,cuGetProcAddress,0,961,1656021,1656021,20,python
921485687,66,cuGetProcAddress,0,962,1656021,1656021,20,python
921485797,62,cuGetProcAddress,0,963,1656021,1656021,20,python
921485904,86,cuGetProcAddress,0,964,1656021,1656021,20,python
921486034,72,cuGetProcAddress,0,965,1656021,1656021,20,python
921486150,71,cuGetProcAddress,0,966,1656021,1656021,20,python
921486264,59,cuGetProcAddress,0,967,1656021,1656021,20,python
921486367,52,cuGetProcAddress,0,968,1656021,1656021,20,python
921486463,42,cuGetProcAddress,0,969,1656021,1656021,20,python
921486549,50,cuGetProcAddress,0,970,1656021,1656021,20,python
921486644,47,cuGetProcAddress,0,971,1656021,1656021,20,python
921486734,66,cuGetProcAddress,0,972,1656021,1656021,20,python
921486844,75,cuGetProcAddress,0,973,1656021,1656021,20,python
921486963,72,cuGetProcAddress,0,974,1656021,1656021,20,python
921487079,73,cuGetProcAddress,0,975,1656021,1656021,20,python
921487262,57,cuGetProcAddress,0,976,1656021,1656021,20,python
921487368,43,cuGetProcAddress,0,977,1656021,1656021,20,python
921487455,53,cuGetProcAddress,0,978,1656021,1656021,20,python
921487552,96,cuGetProcAddress,0,979,1656021,1656021,20,python
921487692,49,cuGetProcAddress,0,980,1656021,1656021,20,python
921487785,62,cuGetProcAddress,0,981,1656021,1656021,20,python
921487900,67,cuGetProcAddress,0,982,1656021,1656021,20,python
921488011,50,cuGetProcAddress,0,983,1656021,1656021,20,python
921488105,50,cuGetProcAddress,0,984,1656021,1656021,20,python
921488200,68,cuGetProcAddress,0,985,1656021,1656021,20,python
921488313,65,cuGetProcAddress,0,986,1656021,1656021,20,python
921488423,46,cuGetProcAddress,0,987,1656021,1656021,20,python
921488514,60,cuGetProcAddress,0,988,1656021,1656021,20,python
921488617,67,cuGetProcAddress,0,989,1656021,1656021,20,python
921488730,52,cuGetProcAddress,0,990,1656021,1656021,20,python
921488827,73,cuGetProcAddress,0,991,1656021,1656021,20,python
921488959,55,cuGetProcAddress,0,992,1656021,1656021,20,python
921489058,73,cuGetProcAddress,0,993,1656021,1656021,20,python
921489175,66,cuGetProcAddress,0,994,1656021,1656021,20,python
921489284,76,cuGetProcAddress,0,995,1656021,1656021,20,python
921489404,63,cuGetProcAddress,0,996,1656021,1656021,20,python
921489510,82,cuGetProcAddress,0,997,1656021,1656021,20,python
921489636,55,cuGetProcAddress,0,998,1656021,1656021,20,python
921489733,74,cuGetProcAddress,0,999,1656021,1656021,20,python
921489851,49,cuGetProcAddress,0,1000,1656021,1656021,20,python
921489943,58,cuGetProcAddress,0,1001,1656021,1656021,20,python
921490043,61,cuGetProcAddress,0,1002,1656021,1656021,20,python
921490146,98,cuGetProcAddress,0,1003,1656021,1656021,20,python
921490287,80,cuGetProcAddress,0,1004,1656021,1656021,20,python
921490410,66,cuGetProcAddress,0,1005,1656021,1656021,20,python
921490519,61,cuGetProcAddress,0,1006,1656021,1656021,20,python
921490624,58,cuGetProcAddress,0,1007,1656021,1656021,20,python
921490725,51,cuGetProcAddress,0,1008,1656021,1656021,20,python
921490818,57,cuGetProcAddress,0,1009,1656021,1656021,20,python
921490919,62,cuGetProcAddress,0,1010,1656021,1656021,20,python
921491024,108,cuGetProcAddress,0,1011,1656021,1656021,20,python
921491175,97,cuGetProcAddress,0,1012,1656021,1656021,20,python
921491316,64,cuGetProcAddress,0,1013,1656021,1656021,20,python
921491424,49,cuGetProcAddress,0,1014,1656021,1656021,20,python
921491516,64,cuGetProcAddress,0,1015,1656021,1656021,20,python
921491623,53,cuGetProcAddress,0,1016,1656021,1656021,20,python
921491720,57,cuGetProcAddress,0,1017,1656021,1656021,20,python
921491822,219,cuGetProcAddress,0,1018,1656021,1656021,20,python
921492085,97,cuGetProcAddress,0,1019,1656021,1656021,20,python
921492225,59,cuGetProcAddress,0,1020,1656021,1656021,20,python
921492327,110,cuGetProcAddress,0,1021,1656021,1656021,20,python
921492481,89,cuGetProcAddress,0,1022,1656021,1656021,20,python
921492614,81,cuGetProcAddress,0,1023,1656021,1656021,20,python
921492740,73,cuGetProcAddress,0,1024,1656021,1656021,20,python
921492857,52,cuGetProcAddress,0,1025,1656021,1656021,20,python
921492953,61,cuGetProcAddress,0,1026,1656021,1656021,20,python
921493058,56,cuGetProcAddress,0,1027,1656021,1656021,20,python
921493157,64,cuGetProcAddress,0,1028,1656021,1656021,20,python
921493265,57,cuGetProcAddress,0,1029,1656021,1656021,20,python
921493364,55,cuGetProcAddress,0,1030,1656021,1656021,20,python
921493462,52,cuGetProcAddress,0,1031,1656021,1656021,20,python
921493557,46,cuGetProcAddress,0,1032,1656021,1656021,20,python
921493646,75,cuGetProcAddress,0,1033,1656021,1656021,20,python
921493765,64,cuGetProcAddress,0,1034,1656021,1656021,20,python
921493872,47,cuGetProcAddress,0,1035,1656021,1656021,20,python
921493963,70,cuGetProcAddress,0,1036,1656021,1656021,20,python
921494076,74,cuGetProcAddress,0,1037,1656021,1656021,20,python
921494194,57,cuGetProcAddress,0,1038,1656021,1656021,20,python
921494294,70,cuGetProcAddress,0,1039,1656021,1656021,20,python
921494407,85,cuGetProcAddress,0,1040,1656021,1656021,20,python
921494534,83,cuGetProcAddress,0,1041,1656021,1656021,20,python
921494660,68,cuGetProcAddress,0,1042,1656021,1656021,20,python
921494770,70,cuGetProcAddress,0,1043,1656021,1656021,20,python
921494883,67,cuGetProcAddress,0,1044,1656021,1656021,20,python
921494993,62,cuGetProcAddress,0,1045,1656021,1656021,20,python
921495098,111,cuGetProcAddress,0,1046,1656021,1656021,20,python
921495251,78,cuGetProcAddress,0,1047,1656021,1656021,20,python
921495371,68,cuGetProcAddress,0,1048,1656021,1656021,20,python
921495482,54,cuGetProcAddress,0,1049,1656021,1656021,20,python
921495584,83,cuGetProcAddress,0,1050,1656021,1656021,20,python
921495710,50,cuGetProcAddress,0,1051,1656021,1656021,20,python
921495803,78,cuGetProcAddress,0,1052,1656021,1656021,20,python
921495924,54,cuGetProcAddress,0,1053,1656021,1656021,20,python
921496021,63,cuGetProcAddress,0,1054,1656021,1656021,20,python
921496132,99,cuGetProcAddress,0,1055,1656021,1656021,20,python
921496314,96,cuGetProcAddress,0,1056,1656021,1656021,20,python
921496453,88,cuGetProcAddress,0,1057,1656021,1656021,20,python
921496585,136,cuGetProcAddress,0,1058,1656021,1656021,20,python
921496763,101,cuGetProcAddress,0,1059,1656021,1656021,20,python
921496907,72,cuGetProcAddress,0,1060,1656021,1656021,20,python
921497021,111,cuGetProcAddress,0,1061,1656021,1656021,20,python
921497181,51,cuGetProcAddress,0,1062,1656021,1656021,20,python
921497275,83,cuGetProcAddress,0,1063,1656021,1656021,20,python
921497401,77,cuGetProcAddress,0,1064,1656021,1656021,20,python
921497521,86,cuGetProcAddress,0,1065,1656021,1656021,20,python
921497651,92,cuGetProcAddress,0,1066,1656021,1656021,20,python
921497785,87,cuGetProcAddress,0,1067,1656021,1656021,20,python
921497916,84,cuGetProcAddress,0,1068,1656021,1656021,20,python
921498042,53,cuGetProcAddress,0,1069,1656021,1656021,20,python
921498138,49,cuGetProcAddress,0,1070,1656021,1656021,20,python
921498231,49,cuGetProcAddress,0,1071,1656021,1656021,20,python
921498339,41,cuGetProcAddress,0,1072,1656021,1656021,20,python
921498429,41,cuGetProcAddress,0,1073,1656021,1656021,20,python
921498513,83,cuGetProcAddress,0,1074,1656021,1656021,20,python
921498638,66,cuGetProcAddress,0,1075,1656021,1656021,20,python
921498747,75,cuGetProcAddress,0,1076,1656021,1656021,20,python
921498866,65,cuGetProcAddress,0,1077,1656021,1656021,20,python
921498974,77,cuGetProcAddress,0,1078,1656021,1656021,20,python
921499094,52,cuGetProcAddress,0,1079,1656021,1656021,20,python
921499189,53,cuGetProcAddress,0,1080,1656021,1656021,20,python
921499285,41,cuGetProcAddress,0,1081,1656021,1656021,20,python
921499370,54,cuGetProcAddress,0,1082,1656021,1656021,20,python
921499467,52,cuGetProcAddress,0,1083,1656021,1656021,20,python
921499564,50,cuGetProcAddress,0,1084,1656021,1656021,20,python
921499661,51,cuGetProcAddress,0,1085,1656021,1656021,20,python
921499755,48,cuGetProcAddress,0,1086,1656021,1656021,20,python
921499847,62,cuGetProcAddress,0,1087,1656021,1656021,20,python
921499953,44,cuGetProcAddress,0,1088,1656021,1656021,20,python
921500041,80,cuGetProcAddress,0,1089,1656021,1656021,20,python
921500165,59,cuGetProcAddress,0,1090,1656021,1656021,20,python
921500268,65,cuGetProcAddress,0,1091,1656021,1656021,20,python
921500377,59,cuGetProcAddress,0,1092,1656021,1656021,20,python
921500480,71,cuGetProcAddress,0,1093,1656021,1656021,20,python
921500596,56,cuGetProcAddress,0,1094,1656021,1656021,20,python
921500694,54,cuGetProcAddress,0,1095,1656021,1656021,20,python
921500790,50,cuGetProcAddress,0,1096,1656021,1656021,20,python
921500883,83,cuGetProcAddress,0,1097,1656021,1656021,20,python
921501009,44,cuGetProcAddress,0,1098,1656021,1656021,20,python
921501150,55,cuGetProcAddress,0,1099,1656021,1656021,20,python
921501249,44,cuGetProcAddress,0,1100,1656021,1656021,20,python
921501337,88,cuGetProcAddress,0,1101,1656021,1656021,20,python
921501469,76,cuGetProcAddress,0,1102,1656021,1656021,20,python
921501589,72,cuGetProcAddress,0,1103,1656021,1656021,20,python
921501705,87,cuGetProcAddress,0,1104,1656021,1656021,20,python
921501836,95,cuGetProcAddress,0,1105,1656021,1656021,20,python
921501975,92,cuGetProcAddress,0,1106,1656021,1656021,20,python
921502110,87,cuGetProcAddress,0,1107,1656021,1656021,20,python
921502241,60,cuGetProcAddress,0,1108,1656021,1656021,20,python
921502345,55,cuGetProcAddress,0,1109,1656021,1656021,20,python
921502444,59,cuGetProcAddress,0,1110,1656021,1656021,20,python
921502546,94,cuGetProcAddress,0,1111,1656021,1656021,20,python
921502748,52,cuGetProcAddress,0,1112,1656021,1656021,20,python
921502844,99,cuGetProcAddress,0,1113,1656021,1656021,20,python
921502986,55,cuGetProcAddress,0,1114,1656021,1656021,20,python
921503144,71,cuGetProcAddress,0,1115,1656021,1656021,20,python
921503259,64,cuGetProcAddress,0,1116,1656021,1656021,20,python
921503368,59,cuGetProcAddress,0,1117,1656021,1656021,20,python
921503471,48,cuGetProcAddress,0,1118,1656021,1656021,20,python
921503562,67,cuGetProcAddress,0,1119,1656021,1656021,20,python
921503672,66,cuGetProcAddress,0,1120,1656021,1656021,20,python
921503986,45,cuGetProcAddress,0,1121,1656021,1656021,20,python
921504074,74,cuGetProcAddress,0,1122,1656021,1656021,20,python
921504882,751,cuInit,0,1124,1656021,1656021,20,python
921506522,72,cuModuleGetLoadingMode,0,1125,1656021,1656021,20,python
926938648,650904,cudaFree,0,1229,1656021,1656021,20,python
927636392,274,cuGetProcAddress,0,1230,1656021,1656021,20,python
927636774,288,cuGetProcAddress,0,1231,1656021,1656021,20,python
927637122,48,cuGetProcAddress,0,1232,1656021,1656021,20,python
927637235,178,cuGetProcAddress,0,1233,1656021,1656021,20,python
927637468,90,cuGetProcAddress,0,1234,1656021,1656021,20,python
927637614,74,cuGetProcAddress,0,1235,1656021,1656021,20,python
927637743,161,cuGetProcAddress,0,1236,1656021,1656021,20,python
927637957,147,cuGetProcAddress,0,1237,1656021,1656021,20,python
927638153,141,cuGetProcAddress,0,1238,1656021,1656021,20,python
927638344,82,cuGetProcAddress,0,1239,1656021,1656021,20,python
927638476,92,cuGetProcAddress,0,1240,1656021,1656021,20,python
927638616,67,cuGetProcAddress,0,1241,1656021,1656021,20,python
927638730,88,cuGetProcAddress,0,1242,1656021,1656021,20,python
927638864,244,cuGetProcAddress,0,1243,1656021,1656021,20,python
927639155,89,cuGetProcAddress,0,1244,1656021,1656021,20,python
927639290,79,cuGetProcAddress,0,1245,1656021,1656021,20,python
927639415,117,cuGetProcAddress,0,1246,1656021,1656021,20,python
927639579,131,cuGetProcAddress,0,1247,1656021,1656021,20,python
927639757,124,cuGetProcAddress,0,1248,1656021,1656021,20,python
927639927,114,cuGetProcAddress,0,1249,1656021,1656021,20,python
927640086,83,cuGetProcAddress,0,1250,1656021,1656021,20,python
927640215,67,cuGetProcAddress,0,1251,1656021,1656021,20,python
927640328,106,cuGetProcAddress,0,1252,1656021,1656021,20,python
927640480,76,cuGetProcAddress,0,1253,1656021,1656021,20,python
927640602,59,cuGetProcAddress,0,1254,1656021,1656021,20,python
927640706,71,cuGetProcAddress,0,1255,1656021,1656021,20,python
927640824,54,cuGetProcAddress,0,1256,1656021,1656021,20,python
927640924,59,cuGetProcAddress,0,1257,1656021,1656021,20,python
927641029,62,cuGetProcAddress,0,1258,1656021,1656021,20,python
927641137,82,cuGetProcAddress,0,1259,1656021,1656021,20,python
927641265,72,cuGetProcAddress,0,1260,1656021,1656021,20,python
927641383,74,cuGetProcAddress,0,1261,1656021,1656021,20,python
927641503,91,cuGetProcAddress,0,1262,1656021,1656021,20,python
927641639,93,cuGetProcAddress,0,1263,1656021,1656021,20,python
927641778,127,cuGetProcAddress,0,1264,1656021,1656021,20,python
927641952,70,cuGetProcAddress,0,1265,1656021,1656021,20,python
927642067,85,cuGetProcAddress,0,1266,1656021,1656021,20,python
927642197,70,cuGetProcAddress,0,1267,1656021,1656021,20,python
927642312,101,cuGetProcAddress,0,1268,1656021,1656021,20,python
927642459,76,cuGetProcAddress,0,1269,1656021,1656021,20,python
927642581,71,cuGetProcAddress,0,1270,1656021,1656021,20,python
927642698,64,cuGetProcAddress,0,1271,1656021,1656021,20,python
927642813,67,cuGetProcAddress,0,1272,1656021,1656021,20,python
927642925,64,cuGetProcAddress,0,1273,1656021,1656021,20,python
927643036,65,cuGetProcAddress,0,1274,1656021,1656021,20,python
927643147,97,cuGetProcAddress,0,1275,1656021,1656021,20,python
927643290,94,cuGetProcAddress,0,1276,1656021,1656021,20,python
927643430,85,cuGetProcAddress,0,1277,1656021,1656021,20,python
927643561,78,cuGetProcAddress,0,1278,1656021,1656021,20,python
927643691,64,cuGetProcAddress,0,1279,1656021,1656021,20,python
927643801,62,cuGetProcAddress,0,1280,1656021,1656021,20,python
927643909,72,cuGetProcAddress,0,1281,1656021,1656021,20,python
927644027,59,cuGetProcAddress,0,1282,1656021,1656021,20,python
927644132,74,cuGetProcAddress,0,1283,1656021,1656021,20,python
927644265,70,cuGetProcAddress,0,1284,1656021,1656021,20,python
927644384,62,cuGetProcAddress,0,1285,1656021,1656021,20,python
927644492,64,cuGetProcAddress,0,1286,1656021,1656021,20,python
927644600,51,cuGetProcAddress,0,1287,1656021,1656021,20,python
927644696,59,cuGetProcAddress,0,1288,1656021,1656021,20,python
927644800,59,cuGetProcAddress,0,1289,1656021,1656021,20,python
927644905,62,cuGetProcAddress,0,1290,1656021,1656021,20,python
927645020,49,cuGetProcAddress,0,1291,1656021,1656021,20,python
927645114,60,cuGetProcAddress,0,1292,1656021,1656021,20,python
927645219,52,cuGetProcAddress,0,1293,1656021,1656021,20,python
927645316,60,cuGetProcAddress,0,1294,1656021,1656021,20,python
927645422,70,cuGetProcAddress,0,1295,1656021,1656021,20,python
927645537,66,cuGetProcAddress,0,1296,1656021,1656021,20,python
927645648,79,cuGetProcAddress,0,1297,1656021,1656021,20,python
927645772,84,cuGetProcAddress,0,1298,1656021,1656021,20,python
927645902,56,cuGetProcAddress,0,1299,1656021,1656021,20,python
927646003,52,cuGetProcAddress,0,1300,1656021,1656021,20,python
927646101,74,cuGetProcAddress,0,1301,1656021,1656021,20,python
927646220,65,cuGetProcAddress,0,1302,1656021,1656021,20,python
927646330,53,cuGetProcAddress,0,1303,1656021,1656021,20,python
927646428,50,cuGetProcAddress,0,1304,1656021,1656021,20,python
927646523,80,cuGetProcAddress,0,1305,1656021,1656021,20,python
927646648,65,cuGetProcAddress,0,1306,1656021,1656021,20,python
927646758,66,cuGetProcAddress,0,1307,1656021,1656021,20,python
927646869,60,cuGetProcAddress,0,1308,1656021,1656021,20,python
927646975,53,cuGetProcAddress,0,1309,1656021,1656021,20,python
927647073,44,cuGetProcAddress,0,1310,1656021,1656021,20,python
927647162,45,cuGetProcAddress,0,1311,1656021,1656021,20,python
927647253,121,cuGetProcAddress,0,1312,1656021,1656021,20,python
927647419,93,cuGetProcAddress,0,1313,1656021,1656021,20,python
927647558,57,cuGetProcAddress,0,1314,1656021,1656021,20,python
927647659,75,cuGetProcAddress,0,1315,1656021,1656021,20,python
927647779,52,cuGetProcAddress,0,1316,1656021,1656021,20,python
927647933,41,cuGetProcAddress,0,1317,1656021,1656021,20,python
927648019,61,cuGetProcAddress,0,1318,1656021,1656021,20,python
927648126,48,cuGetProcAddress,0,1319,1656021,1656021,20,python
927648219,45,cuGetProcAddress,0,1320,1656021,1656021,20,python
927648309,42,cuGetProcAddress,0,1321,1656021,1656021,20,python
927648396,65,cuGetProcAddress,0,1322,1656021,1656021,20,python
927648506,56,cuGetProcAddress,0,1323,1656021,1656021,20,python
927648607,58,cuGetProcAddress,0,1324,1656021,1656021,20,python
927648710,47,cuGetProcAddress,0,1325,1656021,1656021,20,python
927648803,60,cuGetProcAddress,0,1326,1656021,1656021,20,python
927648908,55,cuGetProcAddress,0,1327,1656021,1656021,20,python
927649007,51,cuGetProcAddress,0,1328,1656021,1656021,20,python
927649102,47,cuGetProcAddress,0,1329,1656021,1656021,20,python
927649193,58,cuGetProcAddress,0,1330,1656021,1656021,20,python
927649296,56,cuGetProcAddress,0,1331,1656021,1656021,20,python
927649397,59,cuGetProcAddress,0,1332,1656021,1656021,20,python
927649501,57,cuGetProcAddress,0,1333,1656021,1656021,20,python
927649604,46,cuGetProcAddress,0,1334,1656021,1656021,20,python
927649695,47,cuGetProcAddress,0,1335,1656021,1656021,20,python
927649787,48,cuGetProcAddress,0,1336,1656021,1656021,20,python
927649880,49,cuGetProcAddress,0,1337,1656021,1656021,20,python
927649972,43,cuGetProcAddress,0,1338,1656021,1656021,20,python
927650061,39,cuGetProcAddress,0,1339,1656021,1656021,20,python
927650145,47,cuGetProcAddress,0,1340,1656021,1656021,20,python
927650236,44,cuGetProcAddress,0,1341,1656021,1656021,20,python
927650325,64,cuGetProcAddress,0,1342,1656021,1656021,20,python
927650433,53,cuGetProcAddress,0,1343,1656021,1656021,20,python
927650531,121,cuGetProcAddress,0,1344,1656021,1656021,20,python
927650696,52,cuGetProcAddress,0,1345,1656021,1656021,20,python
927650792,58,cuGetProcAddress,0,1346,1656021,1656021,20,python
927650896,47,cuGetProcAddress,0,1347,1656021,1656021,20,python
927650988,49,cuGetProcAddress,0,1348,1656021,1656021,20,python
927651082,45,cuGetProcAddress,0,1349,1656021,1656021,20,python
927651171,46,cuGetProcAddress,0,1350,1656021,1656021,20,python
927651262,47,cuGetProcAddress,0,1351,1656021,1656021,20,python
927651354,55,cuGetProcAddress,0,1352,1656021,1656021,20,python
927651453,48,cuGetProcAddress,0,1353,1656021,1656021,20,python
927651546,59,cuGetProcAddress,0,1354,1656021,1656021,20,python
927651650,55,cuGetProcAddress,0,1355,1656021,1656021,20,python
927651751,73,cuGetProcAddress,0,1356,1656021,1656021,20,python
927651869,73,cuGetProcAddress,0,1357,1656021,1656021,20,python
927651987,61,cuGetProcAddress,0,1358,1656021,1656021,20,python
927652093,47,cuGetProcAddress,0,1359,1656021,1656021,20,python
927652200,51,cuGetProcAddress,0,1360,1656021,1656021,20,python
927652296,63,cuGetProcAddress,0,1361,1656021,1656021,20,python
927652404,67,cuGetProcAddress,0,1362,1656021,1656021,20,python
927652516,58,cuGetProcAddress,0,1363,1656021,1656021,20,python
927652618,45,cuGetProcAddress,0,1364,1656021,1656021,20,python
927652708,51,cuGetProcAddress,0,1365,1656021,1656021,20,python
927652804,56,cuGetProcAddress,0,1366,1656021,1656021,20,python
927652908,63,cuGetProcAddress,0,1367,1656021,1656021,20,python
927653016,51,cuGetProcAddress,0,1368,1656021,1656021,20,python
927653112,111,cuGetProcAddress,0,1369,1656021,1656021,20,python
927653268,69,cuGetProcAddress,0,1370,1656021,1656021,20,python
927653382,70,cuGetProcAddress,0,1371,1656021,1656021,20,python
927653497,70,cuGetProcAddress,0,1372,1656021,1656021,20,python
927653612,68,cuGetProcAddress,0,1373,1656021,1656021,20,python
927653724,41,cuGetProcAddress,0,1374,1656021,1656021,20,python
927653816,55,cuGetProcAddress,0,1375,1656021,1656021,20,python
927653917,68,cuGetProcAddress,0,1376,1656021,1656021,20,python
927654029,49,cuGetProcAddress,0,1377,1656021,1656021,20,python
927654123,60,cuGetProcAddress,0,1378,1656021,1656021,20,python
927654228,123,cuGetProcAddress,0,1379,1656021,1656021,20,python
927654396,49,cuGetProcAddress,0,1380,1656021,1656021,20,python
927654490,62,cuGetProcAddress,0,1381,1656021,1656021,20,python
927654597,56,cuGetProcAddress,0,1382,1656021,1656021,20,python
927654701,69,cuGetProcAddress,0,1383,1656021,1656021,20,python
927654814,57,cuGetProcAddress,0,1384,1656021,1656021,20,python
927654916,71,cuGetProcAddress,0,1385,1656021,1656021,20,python
927655031,57,cuGetProcAddress,0,1386,1656021,1656021,20,python
927655132,62,cuGetProcAddress,0,1387,1656021,1656021,20,python
927655238,66,cuGetProcAddress,0,1388,1656021,1656021,20,python
927655349,51,cuGetProcAddress,0,1389,1656021,1656021,20,python
927655443,58,cuGetProcAddress,0,1390,1656021,1656021,20,python
927655545,48,cuGetProcAddress,0,1391,1656021,1656021,20,python
927655638,66,cuGetProcAddress,0,1392,1656021,1656021,20,python
927655749,51,cuGetProcAddress,0,1393,1656021,1656021,20,python
927655850,90,cuGetProcAddress,0,1394,1656021,1656021,20,python
927655984,60,cuGetProcAddress,0,1395,1656021,1656021,20,python
927656159,64,cuGetProcAddress,0,1396,1656021,1656021,20,python
927656267,55,cuGetProcAddress,0,1397,1656021,1656021,20,python
927656367,51,cuGetProcAddress,0,1398,1656021,1656021,20,python
927656469,81,cuGetProcAddress,0,1399,1656021,1656021,20,python
927656595,72,cuGetProcAddress,0,1400,1656021,1656021,20,python
927656711,69,cuGetProcAddress,0,1401,1656021,1656021,20,python
927656825,51,cuGetProcAddress,0,1402,1656021,1656021,20,python
927656920,67,cuGetProcAddress,0,1403,1656021,1656021,20,python
927657033,49,cuGetProcAddress,0,1404,1656021,1656021,20,python
927657127,92,cuGetProcAddress,0,1405,1656021,1656021,20,python
927657264,76,cuGetProcAddress,0,1406,1656021,1656021,20,python
927657391,68,cuGetProcAddress,0,1407,1656021,1656021,20,python
927657504,79,cuGetProcAddress,0,1408,1656021,1656021,20,python
927657628,56,cuGetProcAddress,0,1409,1656021,1656021,20,python
927657728,52,cuGetProcAddress,0,1410,1656021,1656021,20,python
927657825,65,cuGetProcAddress,0,1411,1656021,1656021,20,python
927657935,65,cuGetProcAddress,0,1412,1656021,1656021,20,python
927658045,101,cuGetProcAddress,0,1413,1656021,1656021,20,python
927658190,61,cuGetProcAddress,0,1414,1656021,1656021,20,python
927658294,55,cuGetProcAddress,0,1415,1656021,1656021,20,python
927658394,59,cuGetProcAddress,0,1416,1656021,1656021,20,python
927658498,52,cuGetProcAddress,0,1417,1656021,1656021,20,python
927658595,55,cuGetProcAddress,0,1418,1656021,1656021,20,python
927658695,51,cuGetProcAddress,0,1419,1656021,1656021,20,python
927658791,50,cuGetProcAddress,0,1420,1656021,1656021,20,python
927658885,76,cuGetProcAddress,0,1421,1656021,1656021,20,python
927659006,71,cuGetProcAddress,0,1422,1656021,1656021,20,python
927659122,50,cuGetProcAddress,0,1423,1656021,1656021,20,python
927659217,49,cuGetProcAddress,0,1424,1656021,1656021,20,python
927659310,49,cuGetProcAddress,0,1425,1656021,1656021,20,python
927659404,58,cuGetProcAddress,0,1426,1656021,1656021,20,python
927659507,55,cuGetProcAddress,0,1427,1656021,1656021,20,python
927659606,50,cuGetProcAddress,0,1428,1656021,1656021,20,python
927659700,71,cuGetProcAddress,0,1429,1656021,1656021,20,python
927659815,68,cuGetProcAddress,0,1430,1656021,1656021,20,python
927659933,51,cuGetProcAddress,0,1431,1656021,1656021,20,python
927660029,43,cuGetProcAddress,0,1432,1656021,1656021,20,python
927660116,63,cuGetProcAddress,0,1433,1656021,1656021,20,python
927660224,59,cuGetProcAddress,0,1434,1656021,1656021,20,python
927660328,71,cuGetProcAddress,0,1435,1656021,1656021,20,python
927660445,63,cuGetProcAddress,0,1436,1656021,1656021,20,python
927660553,53,cuGetProcAddress,0,1437,1656021,1656021,20,python
927660651,66,cuGetProcAddress,0,1438,1656021,1656021,20,python
927660762,64,cuGetProcAddress,0,1439,1656021,1656021,20,python
927660872,58,cuGetProcAddress,0,1440,1656021,1656021,20,python
927660975,56,cuGetProcAddress,0,1441,1656021,1656021,20,python
927661076,63,cuGetProcAddress,0,1442,1656021,1656021,20,python
927661198,54,cuGetProcAddress,0,1443,1656021,1656021,20,python
927661298,57,cuGetProcAddress,0,1444,1656021,1656021,20,python
927661400,46,cuGetProcAddress,0,1445,1656021,1656021,20,python
927661491,47,cuGetProcAddress,0,1446,1656021,1656021,20,python
927661583,58,cuGetProcAddress,0,1447,1656021,1656021,20,python
927661685,55,cuGetProcAddress,0,1448,1656021,1656021,20,python
927661785,62,cuGetProcAddress,0,1449,1656021,1656021,20,python
927661892,56,cuGetProcAddress,0,1450,1656021,1656021,20,python
927661993,51,cuGetProcAddress,0,1451,1656021,1656021,20,python
927662090,47,cuGetProcAddress,0,1452,1656021,1656021,20,python
927662182,71,cuGetProcAddress,0,1453,1656021,1656021,20,python
927662298,61,cuGetProcAddress,0,1454,1656021,1656021,20,python
927662410,66,cuGetProcAddress,0,1455,1656021,1656021,20,python
927662521,61,cuGetProcAddress,0,1456,1656021,1656021,20,python
927662627,71,cuGetProcAddress,0,1457,1656021,1656021,20,python
927662742,69,cuGetProcAddress,0,1458,1656021,1656021,20,python
927662855,54,cuGetProcAddress,0,1459,1656021,1656021,20,python
927662954,48,cuGetProcAddress,0,1460,1656021,1656021,20,python
927663045,54,cuGetProcAddress,0,1461,1656021,1656021,20,python
927663142,53,cuGetProcAddress,0,1462,1656021,1656021,20,python
927663240,64,cuGetProcAddress,0,1463,1656021,1656021,20,python
927663349,48,cuGetProcAddress,0,1464,1656021,1656021,20,python
927663442,66,cuGetProcAddress,0,1465,1656021,1656021,20,python
927663553,46,cuGetProcAddress,0,1466,1656021,1656021,20,python
927663644,55,cuGetProcAddress,0,1467,1656021,1656021,20,python
927663744,52,cuGetProcAddress,0,1468,1656021,1656021,20,python
927663840,42,cuGetProcAddress,0,1469,1656021,1656021,20,python
927663927,72,cuGetProcAddress,0,1470,1656021,1656021,20,python
927664043,56,cuGetProcAddress,0,1471,1656021,1656021,20,python
927664144,72,cuGetProcAddress,0,1472,1656021,1656021,20,python
927664262,99,cuGetProcAddress,0,1473,1656021,1656021,20,python
927664405,51,cuGetProcAddress,0,1474,1656021,1656021,20,python
927664578,44,cuGetProcAddress,0,1475,1656021,1656021,20,python
927664667,67,cuGetProcAddress,0,1476,1656021,1656021,20,python
927664779,63,cuGetProcAddress,0,1477,1656021,1656021,20,python
927664887,49,cuGetProcAddress,0,1478,1656021,1656021,20,python
927664986,54,cuGetProcAddress,0,1479,1656021,1656021,20,python
927665085,79,cuGetProcAddress,0,1480,1656021,1656021,20,python
927665209,82,cuGetProcAddress,0,1481,1656021,1656021,20,python
927665340,69,cuGetProcAddress,0,1482,1656021,1656021,20,python
927665454,54,cuGetProcAddress,0,1483,1656021,1656021,20,python
927665553,94,cuGetProcAddress,0,1484,1656021,1656021,20,python
927665691,76,cuGetProcAddress,0,1485,1656021,1656021,20,python
927665811,99,cuGetProcAddress,0,1486,1656021,1656021,20,python
927665954,59,cuGetProcAddress,0,1487,1656021,1656021,20,python
927666062,81,cuGetProcAddress,0,1488,1656021,1656021,20,python
927666187,54,cuGetProcAddress,0,1489,1656021,1656021,20,python
927666285,78,cuGetProcAddress,0,1490,1656021,1656021,20,python
927666407,57,cuGetProcAddress,0,1491,1656021,1656021,20,python
927666509,56,cuGetProcAddress,0,1492,1656021,1656021,20,python
927666609,71,cuGetProcAddress,0,1493,1656021,1656021,20,python
927666725,96,cuGetProcAddress,0,1494,1656021,1656021,20,python
927666866,79,cuGetProcAddress,0,1495,1656021,1656021,20,python
927667000,74,cuGetProcAddress,0,1496,1656021,1656021,20,python
927667118,70,cuGetProcAddress,0,1497,1656021,1656021,20,python
927667230,82,cuGetProcAddress,0,1498,1656021,1656021,20,python
927667355,79,cuGetProcAddress,0,1499,1656021,1656021,20,python
927667477,53,cuGetProcAddress,0,1500,1656021,1656021,20,python
927667574,69,cuGetProcAddress,0,1501,1656021,1656021,20,python
927667686,98,cuGetProcAddress,0,1502,1656021,1656021,20,python
927667828,172,cuGetProcAddress,0,1503,1656021,1656021,20,python
927668042,67,cuGetProcAddress,0,1504,1656021,1656021,20,python
927668153,43,cuGetProcAddress,0,1505,1656021,1656021,20,python
927668241,56,cuGetProcAddress,0,1506,1656021,1656021,20,python
927668341,46,cuGetProcAddress,0,1507,1656021,1656021,20,python
927668431,57,cuGetProcAddress,0,1508,1656021,1656021,20,python
927668532,68,cuGetProcAddress,0,1509,1656021,1656021,20,python
927668645,91,cuGetProcAddress,0,1510,1656021,1656021,20,python
927668780,71,cuGetProcAddress,0,1511,1656021,1656021,20,python
927668895,112,cuGetProcAddress,0,1512,1656021,1656021,20,python
927669050,103,cuGetProcAddress,0,1513,1656021,1656021,20,python
927669196,85,cuGetProcAddress,0,1514,1656021,1656021,20,python
927669324,103,cuGetProcAddress,0,1515,1656021,1656021,20,python
927669486,53,cuGetProcAddress,0,1516,1656021,1656021,20,python
927669583,77,cuGetProcAddress,0,1517,1656021,1656021,20,python
927669705,72,cuGetProcAddress,0,1518,1656021,1656021,20,python
927669822,66,cuGetProcAddress,0,1519,1656021,1656021,20,python
927669932,52,cuGetProcAddress,0,1520,1656021,1656021,20,python
927670028,50,cuGetProcAddress,0,1521,1656021,1656021,20,python
927670123,46,cuGetProcAddress,0,1522,1656021,1656021,20,python
927670213,45,cuGetProcAddress,0,1523,1656021,1656021,20,python
927670302,89,cuGetProcAddress,0,1524,1656021,1656021,20,python
927670435,88,cuGetProcAddress,0,1525,1656021,1656021,20,python
927670567,65,cuGetProcAddress,0,1526,1656021,1656021,20,python
927670676,63,cuGetProcAddress,0,1527,1656021,1656021,20,python
927670785,79,cuGetProcAddress,0,1528,1656021,1656021,20,python
927670909,53,cuGetProcAddress,0,1529,1656021,1656021,20,python
927671006,60,cuGetProcAddress,0,1530,1656021,1656021,20,python
927671110,79,cuGetProcAddress,0,1531,1656021,1656021,20,python
927671232,89,cuGetProcAddress,0,1532,1656021,1656021,20,python
927671364,88,cuGetProcAddress,0,1533,1656021,1656021,20,python
927671496,92,cuGetProcAddress,0,1534,1656021,1656021,20,python
927671632,67,cuGetProcAddress,0,1535,1656021,1656021,20,python
927671742,59,cuGetProcAddress,0,1536,1656021,1656021,20,python
927671845,77,cuGetProcAddress,0,1537,1656021,1656021,20,python
927671966,44,cuGetProcAddress,0,1538,1656021,1656021,20,python
927672054,73,cuGetProcAddress,0,1539,1656021,1656021,20,python
927672172,57,cuGetProcAddress,0,1540,1656021,1656021,20,python
927672273,85,cuGetProcAddress,0,1541,1656021,1656021,20,python
927672402,51,cuGetProcAddress,0,1542,1656021,1656021,20,python
927672496,78,cuGetProcAddress,0,1543,1656021,1656021,20,python
927672618,55,cuGetProcAddress,0,1544,1656021,1656021,20,python
927672716,73,cuGetProcAddress,0,1545,1656021,1656021,20,python
927672833,117,cuGetProcAddress,0,1546,1656021,1656021,20,python
927672995,104,cuGetProcAddress,0,1547,1656021,1656021,20,python
927673143,94,cuGetProcAddress,0,1548,1656021,1656021,20,python
927673282,107,cuGetProcAddress,0,1549,1656021,1656021,20,python
927673433,102,cuGetProcAddress,0,1550,1656021,1656021,20,python
927673579,80,cuGetProcAddress,0,1551,1656021,1656021,20,python
927673703,106,cuGetProcAddress,0,1552,1656021,1656021,20,python
927673853,55,cuGetProcAddress,0,1553,1656021,1656021,20,python
927673953,100,cuGetProcAddress,0,1554,1656021,1656021,20,python
927674132,66,cuGetProcAddress,0,1555,1656021,1656021,20,python
927674243,78,cuGetProcAddress,0,1556,1656021,1656021,20,python
927674366,67,cuGetProcAddress,0,1557,1656021,1656021,20,python
927674476,55,cuGetProcAddress,0,1558,1656021,1656021,20,python
927674576,70,cuGetProcAddress,0,1559,1656021,1656021,20,python
927674691,73,cuGetProcAddress,0,1560,1656021,1656021,20,python
927674808,60,cuGetProcAddress,0,1561,1656021,1656021,20,python
927674912,54,cuGetProcAddress,0,1562,1656021,1656021,20,python
927675010,45,cuGetProcAddress,0,1563,1656021,1656021,20,python
927675099,50,cuGetProcAddress,0,1564,1656021,1656021,20,python
927675193,85,cuGetProcAddress,0,1565,1656021,1656021,20,python
927675321,80,cuGetProcAddress,0,1566,1656021,1656021,20,python
927675445,56,cuGetProcAddress,0,1567,1656021,1656021,20,python
927675545,58,cuGetProcAddress,0,1568,1656021,1656021,20,python
927675648,77,cuGetProcAddress,0,1569,1656021,1656021,20,python
927675769,53,cuGetProcAddress,0,1570,1656021,1656021,20,python
927675866,43,cuGetProcAddress,0,1571,1656021,1656021,20,python
927675953,49,cuGetProcAddress,0,1572,1656021,1656021,20,python
927676046,55,cuGetProcAddress,0,1573,1656021,1656021,20,python
927676146,50,cuGetProcAddress,0,1574,1656021,1656021,20,python
927676240,52,cuGetProcAddress,0,1575,1656021,1656021,20,python
927676336,51,cuGetProcAddress,0,1576,1656021,1656021,20,python
927676430,49,cuGetProcAddress,0,1577,1656021,1656021,20,python
927676524,69,cuGetProcAddress,0,1578,1656021,1656021,20,python
927676637,46,cuGetProcAddress,0,1579,1656021,1656021,20,python
927676728,73,cuGetProcAddress,0,1580,1656021,1656021,20,python
927676846,66,cuGetProcAddress,0,1581,1656021,1656021,20,python
927676956,59,cuGetProcAddress,0,1582,1656021,1656021,20,python
927677059,59,cuGetProcAddress,0,1583,1656021,1656021,20,python
927677161,47,cuGetProcAddress,0,1584,1656021,1656021,20,python
927677252,43,cuGetProcAddress,0,1585,1656021,1656021,20,python
927677339,49,cuGetProcAddress,0,1586,1656021,1656021,20,python
927677433,41,cuGetProcAddress,0,1587,1656021,1656021,20,python
927677518,81,cuGetProcAddress,0,1588,1656021,1656021,20,python
927677642,77,cuGetProcAddress,0,1589,1656021,1656021,20,python
927677764,53,cuGetProcAddress,0,1590,1656021,1656021,20,python
927677861,45,cuGetProcAddress,0,1591,1656021,1656021,20,python
927677950,96,cuGetProcAddress,0,1592,1656021,1656021,20,python
927678090,88,cuGetProcAddress,0,1593,1656021,1656021,20,python
927678223,84,cuGetProcAddress,0,1594,1656021,1656021,20,python
927678352,101,cuGetProcAddress,0,1595,1656021,1656021,20,python
927678496,96,cuGetProcAddress,0,1596,1656021,1656021,20,python
927678635,78,cuGetProcAddress,0,1597,1656021,1656021,20,python
927678773,92,cuGetProcAddress,0,1598,1656021,1656021,20,python
927678909,70,cuGetProcAddress,0,1599,1656021,1656021,20,python
927679023,64,cuGetProcAddress,0,1600,1656021,1656021,20,python
927679131,62,cuGetProcAddress,0,1601,1656021,1656021,20,python
927679255,70,cuGetProcAddress,0,1602,1656021,1656021,20,python
927679370,52,cuGetProcAddress,0,1603,1656021,1656021,20,python
927679466,49,cuGetProcAddress,0,1604,1656021,1656021,20,python
927679559,54,cuGetProcAddress,0,1605,1656021,1656021,20,python
927679658,62,cuGetProcAddress,0,1606,1656021,1656021,20,python
927679765,61,cuGetProcAddress,0,1607,1656021,1656021,20,python
927679871,66,cuGetProcAddress,0,1608,1656021,1656021,20,python
927679981,51,cuGetProcAddress,0,1609,1656021,1656021,20,python
927680076,69,cuGetProcAddress,0,1610,1656021,1656021,20,python
927680190,75,cuGetProcAddress,0,1611,1656021,1656021,20,python
927680310,47,cuGetProcAddress,0,1612,1656021,1656021,20,python
927680401,65,cuGetProcAddress,0,1613,1656021,1656021,20,python
927680963,523,cuInit,0,1615,1656021,1656021,20,python
927681902,60,cuModuleGetLoadingMode,0,1616,1656021,1656021,20,python
929972434,5832259,cudaFree,0,1722,1656021,1656021,20,python
935870859,61146,cudaMalloc,0,1739,1656021,1656021,20,python
935932508,1309,cudaEventCreateWithFlags,0,1740,1656021,1656021,20,python
935933882,185,cudaEventCreateWithFlags,0,1741,1656021,1656021,20,python
935934117,150,cudaEventCreateWithFlags,0,1742,1656021,1656021,20,python
935934315,135,cudaEventCreateWithFlags,0,1743,1656021,1656021,20,python
935934492,136,cudaEventCreateWithFlags,0,1744,1656021,1656021,20,python
935934689,139,cudaEventCreateWithFlags,0,1745,1656021,1656021,20,python
935934871,156,cudaEventCreateWithFlags,0,1746,1656021,1656021,20,python
935935073,137,cudaEventCreateWithFlags,0,1747,1656021,1656021,20,python
935935343,1799,cudaMalloc,0,1748,1656021,1656021,20,python
935937250,141,cudaEventCreateWithFlags,0,1749,1656021,1656021,20,python
935937443,141,cudaEventCreateWithFlags,0,1750,1656021,1656021,20,python
935937627,134,cudaEventCreateWithFlags,0,1751,1656021,1656021,20,python
935937805,130,cudaEventCreateWithFlags,0,1752,1656021,1656021,20,python
935937978,132,cudaEventCreateWithFlags,0,1753,1656021,1656021,20,python
935938153,131,cudaEventCreateWithFlags,0,1754,1656021,1656021,20,python
935938327,143,cudaEventCreateWithFlags,0,1755,1656021,1656021,20,python
935938512,132,cudaEventCreateWithFlags,0,1756,1656021,1656021,20,python
935938733,24231,cudaMalloc,0,1757,1656021,1656021,20,python
935963180,200,cudaEventCreateWithFlags,0,1758,1656021,1656021,20,python
935963440,268,cudaEventCreateWithFlags,0,1759,1656021,1656021,20,python
945142373,13096,cudaLaunchKernel,0,1768,1656021,1656021,20,python
945229308,5002060,cudaLaunchKernel,0,1776,1656021,1656021,20,python
950330807,5791,cudaLaunchKernel,0,1796,1656021,1656021,20,python
950397930,239843,cudaLaunchKernel,0,1818,1656021,1656021,20,python
950670654,974,cudaStreamIsCapturing_v10000,0,1826,1656021,1656021,20,python
950671833,133395,cudaMalloc,0,1827,1656021,1656021,20,python
950813063,2028423,cudaLaunchKernel,0,1830,1656021,1656021,20,python
952869511,1233016,cudaLaunchKernel,0,1838,1656021,1656021,20,python
954126318,419,cudaStreamIsCapturing_v10000,0,1846,1656021,1656021,20,python
954126893,64518,cudaMalloc,0,1847,1656021,1656021,20,python
954201827,1935580,cudaLaunchKernel,0,1850,1656021,1656021,20,python
956193452,3173999,cudaLaunchKernel,0,1862,1656021,1656021,20,python
959412075,2411978,cudaLaunchKernel,0,1870,1656021,1656021,20,python
961855899,661,cudaStreamIsCapturing_v10000,0,1878,1656021,1656021,20,python
961856754,435856,cudaMalloc,0,1879,1656021,1656021,20,python
962325654,6263,cudaLaunchKernel,0,1894,1656021,1656021,20,python
962346665,13169,cudaLaunchKernel,0,1902,1656021,1656021,20,python
962426272,3226,cudaLaunchKernel,0,1922,1656021,1656021,20,python
962439437,3372,cudaLaunchKernel,0,1930,1656021,1656021,20,python
962459951,2673,cudaLaunchKernel,0,1950,1656021,1656021,20,python
962487792,2497,cudaLaunchKernel,0,1972,1656021,1656021,20,python
962500145,2205,cudaLaunchKernel,0,1980,1656021,1656021,20,python
962507319,2111,cudaLaunchKernel,0,1988,1656021,1656021,20,python
962517463,1863,cudaLaunchKernel,0,1996,1656021,1656021,20,python
962529658,2174,cudaLaunchKernel,0,2008,1656021,1656021,20,python
962538171,1912,cudaLaunchKernel,0,2016,1656021,1656021,20,python
962553271,1962,cudaLaunchKernel,0,2036,1656021,1656021,20,python
962558951,1807,cudaLaunchKernel,0,2044,1656021,1656021,20,python
962583349,1936,cudaLaunchKernel,0,2064,1656021,1656021,20,python
962589719,1961,cudaLaunchKernel,0,2072,1656021,1656021,20,python
962602829,1831,cudaLaunchKernel,0,2092,1656021,1656021,20,python
962614629,2006,cudaLaunchKernel,0,2114,1656021,1656021,20,python
962620782,1803,cudaLaunchKernel,0,2122,1656021,1656021,20,python
962625427,1590,cudaLaunchKernel,0,2130,1656021,1656021,20,python
962630595,1727,cudaLaunchKernel,0,2138,1656021,1656021,20,python
962636914,1732,cudaLaunchKernel,0,2150,1656021,1656021,20,python
962642757,1931,cudaLaunchKernel,0,2158,1656021,1656021,20,python
962655846,1742,cudaLaunchKernel,0,2178,1656021,1656021,20,python
962660974,1582,cudaLaunchKernel,0,2186,1656021,1656021,20,python
962681444,1677,cudaLaunchKernel,0,2206,1656021,1656021,20,python
962686753,1889,cudaLaunchKernel,0,2214,1656021,1656021,20,python
962699571,1528,cudaLaunchKernel,0,2234,1656021,1656021,20,python
962709614,1655,cudaLaunchKernel,0,2256,1656021,1656021,20,python
962714946,1607,cudaLaunchKernel,0,2264,1656021,1656021,20,python
962719015,1753,cudaLaunchKernel,0,2272,1656021,1656021,20,python
962724123,1553,cudaLaunchKernel,0,2280,1656021,1656021,20,python
962729690,1668,cudaLaunchKernel,0,2292,1656021,1656021,20,python
962734919,1844,cudaLaunchKernel,0,2300,1656021,1656021,20,python
962747791,1599,cudaLaunchKernel,0,2320,1656021,1656021,20,python
962752633,1604,cudaLaunchKernel,0,2328,1656021,1656021,20,python
962772012,1819,cudaLaunchKernel,0,2348,1656021,1656021,20,python
962777132,1607,cudaLaunchKernel,0,2356,1656021,1656021,20,python
962789218,1544,cudaLaunchKernel,0,2376,1656021,1656021,20,python
962798798,1644,cudaLaunchKernel,0,2398,1656021,1656021,20,python
962803865,1715,cudaLaunchKernel,0,2406,1656021,1656021,20,python
962808087,1558,cudaLaunchKernel,0,2414,1656021,1656021,20,python
962812753,1526,cudaLaunchKernel,0,2422,1656021,1656021,20,python
962822479,1876,cudaLaunchKernel,0,2434,1656021,1656021,20,python
962827938,1675,cudaLaunchKernel,0,2442,1656021,1656021,20,python
962840366,1507,cudaLaunchKernel,0,2462,1656021,1656021,20,python
962845053,1513,cudaLaunchKernel,0,2470,1656021,1656021,20,python
962863657,2168,cudaLaunchKernel,0,2490,1656021,1656021,20,python
962869168,1618,cudaLaunchKernel,0,2498,1656021,1656021,20,python
962880936,1598,cudaLaunchKernel,0,2518,1656021,1656021,20,python
962890640,1823,cudaLaunchKernel,0,2540,1656021,1656021,20,python
962895892,1575,cudaLaunchKernel,0,2548,1656021,1656021,20,python
962899942,1468,cudaLaunchKernel,0,2556,1656021,1656021,20,python
962904433,1585,cudaLaunchKernel,0,2564,1656021,1656021,20,python
962909911,1851,cudaLaunchKernel,0,2576,1656021,1656021,20,python
962915294,1681,cudaLaunchKernel,0,2584,1656021,1656021,20,python
962927383,1535,cudaLaunchKernel,0,2604,1656021,1656021,20,python
962931983,1678,cudaLaunchKernel,0,2612,1656021,1656021,20,python
962950002,1650,cudaLaunchKernel,0,2632,1656021,1656021,20,python
962954894,1632,cudaLaunchKernel,0,2640,1656021,1656021,20,python
962966916,1729,cudaLaunchKernel,0,2660,1656021,1656021,20,python
962976480,1552,cudaLaunchKernel,0,2682,1656021,1656021,20,python
962981485,1599,cudaLaunchKernel,0,2690,1656021,1656021,20,python
962985523,1586,cudaLaunchKernel,0,2698,1656021,1656021,20,python
962990111,1770,cudaLaunchKernel,0,2706,1656021,1656021,20,python
962995684,1495,cudaLaunchKernel,0,2718,1656021,1656021,20,python
963000677,1648,cudaLaunchKernel,0,2726,1656021,1656021,20,python
963012838,1693,cudaLaunchKernel,0,2746,1656021,1656021,20,python
963017644,1674,cudaLaunchKernel,0,2754,1656021,1656021,20,python
963036119,1576,cudaLaunchKernel,0,2774,1656021,1656021,20,python
963040923,1532,cudaLaunchKernel,0,2782,1656021,1656021,20,python
963052887,1800,cudaLaunchKernel,0,2802,1656021,1656021,20,python
963062474,1637,cudaLaunchKernel,0,2824,1656021,1656021,20,python
963067560,1560,cudaLaunchKernel,0,2832,1656021,1656021,20,python
963071537,1495,cudaLaunchKernel,0,2840,1656021,1656021,20,python
963076060,1703,cudaLaunchKernel,0,2848,1656021,1656021,20,python
963081626,1585,cudaLaunchKernel,0,2860,1656021,1656021,20,python
963086638,1757,cudaLaunchKernel,0,2868,1656021,1656021,20,python
963099011,1464,cudaLaunchKernel,0,2888,1656021,1656021,20,python
963103551,1485,cudaLaunchKernel,0,2896,1656021,1656021,20,python
963121826,1632,cudaLaunchKernel,0,2916,1656021,1656021,20,python
963126718,1754,cudaLaunchKernel,0,2924,1656021,1656021,20,python
963138905,1530,cudaLaunchKernel,0,2944,1656021,1656021,20,python
963148121,1635,cudaLaunchKernel,0,2966,1656021,1656021,20,python
963153155,1596,cudaLaunchKernel,0,2974,1656021,1656021,20,python
963157186,1749,cudaLaunchKernel,0,2982,1656021,1656021,20,python
963161986,1580,cudaLaunchKernel,0,2990,1656021,1656021,20,python
963167399,1544,cudaLaunchKernel,0,3002,1656021,1656021,20,python
963172275,1810,cudaLaunchKernel,0,3010,1656021,1656021,20,python
963184494,1497,cudaLaunchKernel,0,3030,1656021,1656021,20,python
963189045,1503,cudaLaunchKernel,0,3038,1656021,1656021,20,python
963206929,1956,cudaLaunchKernel,0,3058,1656021,1656021,20,python
963212160,1665,cudaLaunchKernel,0,3066,1656021,1656021,20,python
963223936,1555,cudaLaunchKernel,0,3086,1656021,1656021,20,python
963233119,1659,cudaLaunchKernel,0,3108,1656021,1656021,20,python
963238096,1739,cudaLaunchKernel,0,3116,1656021,1656021,20,python
963242241,1513,cudaLaunchKernel,0,3124,1656021,1656021,20,python
963246803,1628,cudaLaunchKernel,0,3132,1656021,1656021,20,python
963252260,1737,cudaLaunchKernel,0,3144,1656021,1656021,20,python
963257468,1653,cudaLaunchKernel,0,3152,1656021,1656021,20,python
963269366,1533,cudaLaunchKernel,0,3172,1656021,1656021,20,python
963273925,1666,cudaLaunchKernel,0,3180,1656021,1656021,20,python
963291971,1655,cudaLaunchKernel,0,3200,1656021,1656021,20,python
963296889,1563,cudaLaunchKernel,0,3208,1656021,1656021,20,python
963308696,1664,cudaLaunchKernel,0,3228,1656021,1656021,20,python
963318048,1800,cudaLaunchKernel,0,3250,1656021,1656021,20,python
963323228,1512,cudaLaunchKernel,0,3258,1656021,1656021,20,python
963327128,1529,cudaLaunchKernel,0,3266,1656021,1656021,20,python
963331647,1487,cudaLaunchKernel,0,3274,1656021,1656021,20,python
963336845,1719,cudaLaunchKernel,0,3286,1656021,1656021,20,python
963342000,1654,cudaLaunchKernel,0,3294,1656021,1656021,20,python
963354178,1701,cudaLaunchKernel,0,3314,1656021,1656021,20,python
963358946,1686,cudaLaunchKernel,0,3322,1656021,1656021,20,python
963376824,1622,cudaLaunchKernel,0,3342,1656021,1656021,20,python
963381612,1589,cudaLaunchKernel,0,3350,1656021,1656021,20,python
963393461,1714,cudaLaunchKernel,0,3370,1656021,1656021,20,python
963402766,1567,cudaLaunchKernel,0,3392,1656021,1656021,20,python
963407688,1545,cudaLaunchKernel,0,3400,1656021,1656021,20,python
963411642,1533,cudaLaunchKernel,0,3408,1656021,1656021,20,python
963416147,1706,cudaLaunchKernel,0,3416,1656021,1656021,20,python
963421711,1530,cudaLaunchKernel,0,3428,1656021,1656021,20,python
963426780,1637,cudaLaunchKernel,0,3436,1656021,1656021,20,python
963438631,1641,cudaLaunchKernel,0,3456,1656021,1656021,20,python
963443268,1548,cudaLaunchKernel,0,3464,1656021,1656021,20,python
963460977,1902,cudaLaunchKernel,0,3484,1656021,1656021,20,python
963466081,1695,cudaLaunchKernel,0,3492,1656021,1656021,20,python
963477932,1480,cudaLaunchKernel,0,3512,1656021,1656021,20,python
963487093,1602,cudaLaunchKernel,0,3534,1656021,1656021,20,python
963492017,1537,cudaLaunchKernel,0,3542,1656021,1656021,20,python
963495913,1644,cudaLaunchKernel,0,3550,1656021,1656021,20,python
963500717,1511,cudaLaunchKernel,0,3558,1656021,1656021,20,python
963505949,1556,cudaLaunchKernel,0,3570,1656021,1656021,20,python
963510937,1883,cudaLaunchKernel,0,3578,1656021,1656021,20,python
963522975,1483,cudaLaunchKernel,0,3598,1656021,1656021,20,python
963527520,1516,cudaLaunchKernel,0,3606,1656021,1656021,20,python
963545499,1830,cudaLaunchKernel,0,3626,1656021,1656021,20,python
963550579,1566,cudaLaunchKernel,0,3634,1656021,1656021,20,python
963562315,1542,cudaLaunchKernel,0,3654,1656021,1656021,20,python
963571454,1572,cudaLaunchKernel,0,3676,1656021,1656021,20,python
963576295,1705,cudaLaunchKernel,0,3684,1656021,1656021,20,python
963580355,1460,cudaLaunchKernel,0,3692,1656021,1656021,20,python
963584884,1498,cudaLaunchKernel,0,3700,1656021,1656021,20,python
963590152,1673,cudaLaunchKernel,0,3712,1656021,1656021,20,python
963595268,1573,cudaLaunchKernel,0,3720,1656021,1656021,20,python
963607017,1535,cudaLaunchKernel,0,3740,1656021,1656021,20,python
963611590,1591,cudaLaunchKernel,0,3748,1656021,1656021,20,python
963629686,2064,cudaLaunchKernel,0,3768,1656021,1656021,20,python
963635001,1588,cudaLaunchKernel,0,3776,1656021,1656021,20,python
963646652,1534,cudaLaunchKernel,0,3796,1656021,1656021,20,python
963655784,1905,cudaLaunchKernel,0,3818,1656021,1656021,20,python
963661031,1582,cudaLaunchKernel,0,3826,1656021,1656021,20,python
963664950,1484,cudaLaunchKernel,0,3834,1656021,1656021,20,python
963669479,1525,cudaLaunchKernel,0,3842,1656021,1656021,20,python
963674762,1752,cudaLaunchKernel,0,3854,1656021,1656021,20,python
963679938,1628,cudaLaunchKernel,0,3862,1656021,1656021,20,python
963691759,1468,cudaLaunchKernel,0,3882,1656021,1656021,20,python
963696295,1572,cudaLaunchKernel,0,3890,1656021,1656021,20,python
963714284,1568,cudaLaunchKernel,0,3910,1656021,1656021,20,python
963719101,1531,cudaLaunchKernel,0,3918,1656021,1656021,20,python
963730842,1643,cudaLaunchKernel,0,3938,1656021,1656021,20,python
963740191,1614,cudaLaunchKernel,0,3960,1656021,1656021,20,python
963745108,1601,cudaLaunchKernel,0,3968,1656021,1656021,20,python
963749082,1534,cudaLaunchKernel,0,3976,1656021,1656021,20,python
963753670,1618,cudaLaunchKernel,0,3984,1656021,1656021,20,python
963759052,1790,cudaLaunchKernel,0,3996,1656021,1656021,20,python
963764258,1645,cudaLaunchKernel,0,4004,1656021,1656021,20,python
963775995,1655,cudaLaunchKernel,0,4024,1656021,1656021,20,python
963780673,1490,cudaLaunchKernel,0,4032,1656021,1656021,20,python
963798688,1605,cudaLaunchKernel,0,4052,1656021,1656021,20,python
963803535,1577,cudaLaunchKernel,0,4060,1656021,1656021,20,python
963815435,1672,cudaLaunchKernel,0,4080,1656021,1656021,20,python
963824841,1571,cudaLaunchKernel,0,4102,1656021,1656021,20,python
963829668,1522,cudaLaunchKernel,0,4110,1656021,1656021,20,python
963833548,1483,cudaLaunchKernel,0,4118,1656021,1656021,20,python
963838002,1710,cudaLaunchKernel,0,4126,1656021,1656021,20,python
963843478,1588,cudaLaunchKernel,0,4138,1656021,1656021,20,python
963848513,1886,cudaLaunchKernel,0,4146,1656021,1656021,20,python
963860599,1518,cudaLaunchKernel,0,4166,1656021,1656021,20,python
963865183,1513,cudaLaunchKernel,0,4174,1656021,1656021,20,python
963882995,1688,cudaLaunchKernel,0,4194,1656021,1656021,20,python
963887915,1709,cudaLaunchKernel,0,4202,1656021,1656021,20,python
963899837,1545,cudaLaunchKernel,0,4222,1656021,1656021,20,python
963909031,1583,cudaLaunchKernel,0,4244,1656021,1656021,20,python
963913893,1532,cudaLaunchKernel,0,4252,1656021,1656021,20,python
963917792,1701,cudaLaunchKernel,0,4260,1656021,1656021,20,python
963922519,1532,cudaLaunchKernel,0,4268,1656021,1656021,20,python
963927737,1535,cudaLaunchKernel,0,4280,1656021,1656021,20,python
963932661,1859,cudaLaunchKernel,0,4288,1656021,1656021,20,python
963944765,1465,cudaLaunchKernel,0,4308,1656021,1656021,20,python
963949331,1578,cudaLaunchKernel,0,4316,1656021,1656021,20,python
963967065,1921,cudaLaunchKernel,0,4336,1656021,1656021,20,python
963972161,1598,cudaLaunchKernel,0,4344,1656021,1656021,20,python
963984078,1576,cudaLaunchKernel,0,4364,1656021,1656021,20,python
963993299,1569,cudaLaunchKernel,0,4386,1656021,1656021,20,python
963998153,1710,cudaLaunchKernel,0,4394,1656021,1656021,20,python
964002226,1571,cudaLaunchKernel,0,4402,1656021,1656021,20,python
964006802,1572,cudaLaunchKernel,0,4410,1656021,1656021,20,python
964012248,1714,cudaLaunchKernel,0,4422,1656021,1656021,20,python
964017395,1593,cudaLaunchKernel,0,4430,1656021,1656021,20,python
964029074,1588,cudaLaunchKernel,0,4450,1656021,1656021,20,python
964033703,1645,cudaLaunchKernel,0,4458,1656021,1656021,20,python
964051496,1585,cudaLaunchKernel,0,4478,1656021,1656021,20,python
964056248,1620,cudaLaunchKernel,0,4486,1656021,1656021,20,python
964068062,1476,cudaLaunchKernel,0,4506,1656021,1656021,20,python
964077095,1732,cudaLaunchKernel,0,4528,1656021,1656021,20,python
964082107,1508,cudaLaunchKernel,0,4536,1656021,1656021,20,python
964085992,1556,cudaLaunchKernel,0,4544,1656021,1656021,20,python
964090489,1554,cudaLaunchKernel,0,4552,1656021,1656021,20,python
964095720,1732,cudaLaunchKernel,0,4564,1656021,1656021,20,python
964100801,1706,cudaLaunchKernel,0,4572,1656021,1656021,20,python
964112635,1651,cudaLaunchKernel,0,4592,1656021,1656021,20,python
964117323,1479,cudaLaunchKernel,0,4600,1656021,1656021,20,python
964135442,1604,cudaLaunchKernel,0,4620,1656021,1656021,20,python
964139998,1588,cudaLaunchKernel,0,4628,1656021,1656021,20,python
964151263,1642,cudaLaunchKernel,0,4648,1656021,1656021,20,python
964160227,1470,cudaLaunchKernel,0,4670,1656021,1656021,20,python
964164725,1502,cudaLaunchKernel,0,4678,1656021,1656021,20,python
964168520,1540,cudaLaunchKernel,0,4686,1656021,1656021,20,python
964172887,1688,cudaLaunchKernel,0,4694,1656021,1656021,20,python
964178134,1458,cudaLaunchKernel,0,4706,1656021,1656021,20,python
964182755,1524,cudaLaunchKernel,0,4714,1656021,1656021,20,python
964193825,1520,cudaLaunchKernel,0,4734,1656021,1656021,20,python
964198249,1485,cudaLaunchKernel,0,4742,1656021,1656021,20,python
964216379,2582,cudaLaunchKernel,0,4762,1656021,1656021,20,python
964223794,2558,cudaLaunchKernel,0,4770,1656021,1656021,20,python
964236761,1527,cudaLaunchKernel,0,4790,1656021,1656021,20,python
964246047,1592,cudaLaunchKernel,0,4812,1656021,1656021,20,python
964250967,1502,cudaLaunchKernel,0,4820,1656021,1656021,20,python
964254838,1601,cudaLaunchKernel,0,4828,1656021,1656021,20,python
964259468,1427,cudaLaunchKernel,0,4836,1656021,1656021,20,python
964264803,1483,cudaLaunchKernel,0,4848,1656021,1656021,20,python
964269699,1707,cudaLaunchKernel,0,4856,1656021,1656021,20,python
964281681,1451,cudaLaunchKernel,0,4876,1656021,1656021,20,python
964286301,1453,cudaLaunchKernel,0,4884,1656021,1656021,20,python
964304239,1828,cudaLaunchKernel,0,4904,1656021,1656021,20,python
964309278,1514,cudaLaunchKernel,0,4912,1656021,1656021,20,python
964321168,1461,cudaLaunchKernel,0,4932,1656021,1656021,20,python
964330322,1530,cudaLaunchKernel,0,4954,1656021,1656021,20,python
964335262,1713,cudaLaunchKernel,0,4962,1656021,1656021,20,python
964339427,1574,cudaLaunchKernel,0,4970,1656021,1656021,20,python
964344026,1492,cudaLaunchKernel,0,4978,1656021,1656021,20,python
964349358,1527,cudaLaunchKernel,0,4990,1656021,1656021,20,python
964354334,1839,cudaLaunchKernel,0,4998,1656021,1656021,20,python
964366284,1586,cudaLaunchKernel,0,5018,1656021,1656021,20,python
964370985,1541,cudaLaunchKernel,0,5026,1656021,1656021,20,python
964388826,1747,cudaLaunchKernel,0,5046,1656021,1656021,20,python
964393731,1597,cudaLaunchKernel,0,5054,1656021,1656021,20,python
964405675,1424,cudaLaunchKernel,0,5074,1656021,1656021,20,python
964414712,1766,cudaLaunchKernel,0,5096,1656021,1656021,20,python
964419771,1538,cudaLaunchKernel,0,5104,1656021,1656021,20,python
964423731,1462,cudaLaunchKernel,0,5112,1656021,1656021,20,python
964428202,1537,cudaLaunchKernel,0,5120,1656021,1656021,20,python
964433544,1670,cudaLaunchKernel,0,5132,1656021,1656021,20,python
964438565,1609,cudaLaunchKernel,0,5140,1656021,1656021,20,python
964450339,1485,cudaLaunchKernel,0,5160,1656021,1656021,20,python
964454898,1702,cudaLaunchKernel,0,5168,1656021,1656021,20,python
964472724,1585,cudaLaunchKernel,0,5188,1656021,1656021,20,python
964477547,1541,cudaLaunchKernel,0,5196,1656021,1656021,20,python
964489317,1480,cudaLaunchKernel,0,5216,1656021,1656021,20,python
964498465,1761,cudaLaunchKernel,0,5238,1656021,1656021,20,python
964503502,1527,cudaLaunchKernel,0,5246,1656021,1656021,20,python
964507399,1532,cudaLaunchKernel,0,5254,1656021,1656021,20,python
964511976,1508,cudaLaunchKernel,0,5262,1656021,1656021,20,python
964517338,1671,cudaLaunchKernel,0,5274,1656021,1656021,20,python
964522377,1560,cudaLaunchKernel,0,5282,1656021,1656021,20,python
964533943,1706,cudaLaunchKernel,0,5302,1656021,1656021,20,python
964538650,1591,cudaLaunchKernel,0,5310,1656021,1656021,20,python
964574880,290892,cudaDeviceSynchronize,0,5315,1656021,1656021,20,python
965011320,5134,cudaLaunchKernel,0,5334,1656021,1656021,20,python
965023210,2560,cudaLaunchKernel,0,5342,1656021,1656021,20,python
965039252,2021,cudaLaunchKernel,0,5362,1656021,1656021,20,python
965054358,1948,cudaLaunchKernel,0,5384,1656021,1656021,20,python
965061790,1717,cudaLaunchKernel,0,5392,1656021,1656021,20,python
965067076,1610,cudaLaunchKernel,0,5400,1656021,1656021,20,python
965073681,1857,cudaLaunchKernel,0,5408,1656021,1656021,20,python
965082182,1813,cudaLaunchKernel,0,5420,1656021,1656021,20,python
965088939,2054,cudaLaunchKernel,0,5428,1656021,1656021,20,python
965103206,1696,cudaLaunchKernel,0,5448,1656021,1656021,20,python
965108525,1658,cudaLaunchKernel,0,5456,1656021,1656021,20,python
965133392,2219,cudaDeviceSynchronize,0,5461,1656021,1656021,20,python
965192337,984,cudaDeviceSynchronize,0,5465,1656021,1656021,20,python
